user_id,Action,Adventure,Animation,Children,Comedy,Crime,Documentary,Drama,Fantasy,Film-Noir,Horror,IMAX,Musical,Mystery,Romance,Sci-Fi,Thriller,War,Western
1,4.32,4.39,4.69,4.55,4.28,4.36,,4.53,4.3,5.0,3.47,,4.68,4.17,4.31,4.22,4.15,4.5,4.29
2,3.95,4.17,,,4.0,3.8,4.33,3.88,,,3.0,3.75,,4.0,4.5,3.88,3.7,4.5,3.5
3,3.57,2.73,0.5,0.5,1.0,0.5,,0.75,3.38,,4.69,,0.5,5.0,0.5,4.2,4.14,0.5,
4,3.32,3.66,4.0,3.8,3.51,3.81,4.0,3.48,3.68,4.0,4.25,3.0,4.0,3.48,3.38,2.83,3.55,3.57,3.8
5,3.11,3.25,4.33,4.11,3.47,3.83,,3.8,4.14,,3.0,3.67,4.4,4.0,3.09,2.5,3.56,3.33,3.0
6,3.61,3.89,4.07,3.62,3.37,3.29,,3.61,3.54,2.5,3.26,4.67,4.17,3.73,3.61,3.48,3.54,3.58,3.82
7,3.26,3.31,3.39,3.2,3.16,3.31,,3.13,3.07,3.25,4.0,2.45,3.67,3.18,2.65,3.15,3.43,3.29,1.5
8,3.33,3.55,5.0,4.25,3.21,3.89,,3.79,3.25,,4.5,4.5,5.0,4.0,3.5,3.25,3.75,3.67,3.0
9,3.12,3.8,4.0,4.0,3.67,3.14,,3.43,5.0,4.0,1.8,3.0,3.0,4.0,3.17,3.0,2.55,3.5,4.0
10,3.5,3.58,3.87,3.61,3.27,3.12,,3.15,3.44,,1.75,3.36,3.33,2.17,3.33,2.0,3.08,3.75,
11,3.54,3.56,,,3.42,3.69,,4.17,2.0,,5.0,5.0,,4.33,4.23,3.5,3.66,4.33,4.0
12,4.0,3.0,3.0,,4.31,3.0,,4.56,4.25,,,,,,4.57,4.5,4.0,4.5,
13,4.2,4.17,,,3.27,3.67,,3.5,3.0,,4.0,,,4.5,3.67,4.2,3.82,3.5,4.0
14,3.33,3.44,,3.0,2.71,2.71,,3.71,1.0,,4.0,4.0,4.0,4.5,3.57,3.5,3.46,4.25,4.25
15,3.2,3.34,2.95,2.69,3.36,3.58,,3.74,2.91,,3.82,3.31,2.7,3.42,3.88,3.58,3.43,4.1,2.5
16,3.52,3.78,3.96,4.0,3.74,3.75,4.0,3.73,3.94,4.0,3.5,4.12,,3.77,3.65,3.69,3.79,3.68,3.0
17,4.23,4.29,4.4,4.21,4.16,4.25,3.5,4.19,4.32,3.75,4.17,4.17,4.0,4.05,3.93,4.4,4.28,4.44,4.25
18,3.59,3.63,3.76,3.54,3.51,3.93,3.94,3.89,3.64,3.88,3.3,3.68,3.71,4.03,3.68,3.64,3.79,3.94,4.18
19,2.73,2.82,2.94,2.7,2.64,2.9,,2.61,2.83,3.33,2.27,3.0,2.84,2.97,2.68,2.56,2.55,3.0,2.55
20,2.76,3.44,4.18,3.91,3.67,3.24,3.75,3.81,3.86,1.5,3.12,4.6,4.47,3.22,3.99,3.23,2.73,3.5,1.5
21,3.46,3.66,3.24,3.2,3.2,3.18,,2.95,3.09,3.5,1.77,3.6,2.8,3.36,3.24,3.45,3.55,3.62,4.0
22,2.78,2.35,2.71,2.75,2.49,2.53,2.0,2.61,1.88,4.5,2.5,1.75,4.5,2.46,2.2,2.1,2.78,2.33,4.0
23,3.54,3.39,3.8,3.5,3.42,3.65,3.25,3.64,3.82,3.95,4.0,3.0,,4.07,3.33,3.91,3.72,3.75,3.5
24,3.64,3.65,4.25,4.25,3.59,3.91,,3.69,3.73,,3.62,3.85,3.5,3.77,3.55,3.64,3.65,3.71,
25,4.83,4.75,4.67,4.67,4.5,5.0,,4.96,5.0,,,5.0,,4.75,5.0,4.72,4.88,5.0,
26,3.0,2.67,,3.0,3.2,3.5,,3.25,,,4.0,3.0,,4.0,3.0,2.0,3.43,3.0,
27,3.64,3.64,3.36,3.24,3.4,3.57,,3.8,3.36,4.0,1.5,4.0,3.92,4.33,4.13,3.38,3.43,3.6,3.9
28,3.06,3.16,3.4,3.12,2.83,2.97,3.25,3.0,3.1,3.0,2.78,3.77,3.5,2.93,2.89,3.18,2.93,3.33,3.29
29,4.02,4.17,3.5,4.25,3.59,4.03,4.25,4.21,3.88,5.0,4.25,4.1,3.17,4.36,4.33,4.11,3.98,4.32,4.44
30,4.72,4.79,4.6,4.67,4.6,4.86,,5.0,4.75,,3.0,5.0,,5.0,5.0,4.65,4.3,5.0,
31,4.33,4.0,4.0,4.14,3.86,3.33,5.0,3.67,3.7,,3.5,,4.6,5.0,3.75,3.78,4.45,5.0,
32,3.57,3.56,3.0,3.5,3.72,4.05,4.0,3.98,3.58,,3.33,,4.0,3.62,3.73,3.36,3.64,3.33,3.0
33,4.0,3.9,3.83,3.88,3.83,3.92,,3.79,3.5,5.0,4.5,3.0,4.0,3.67,3.85,4.14,3.63,4.12,4.0
34,3.74,3.81,3.64,2.75,3.2,3.77,2.0,3.25,3.25,,3.44,3.17,,3.07,3.1,3.35,3.77,2.1,3.5
35,4.0,4.2,3.0,4.0,3.9,4.75,,4.22,4.0,,,4.0,3.0,5.0,3.56,3.0,4.75,2.0,3.5
36,2.64,2.81,,1.83,2.35,2.74,,2.56,2.0,3.25,3.0,,1.5,3.0,2.35,2.3,2.89,2.9,2.0
37,3.71,3.75,3.0,3.5,4.12,4.14,,4.12,3.5,,5.0,5.0,3.5,,3.0,4.25,4.11,4.0,4.0
38,3.05,2.94,3.2,3.12,3.2,3.33,5.0,3.29,3.14,,2.0,3.33,3.2,4.33,3.11,2.33,3.39,3.71,2.6
39,4.25,3.88,3.29,3.13,4.0,4.4,,4.11,3.75,3.5,4.46,4.0,3.12,3.75,3.6,4.0,4.22,4.0,4.0
40,3.52,3.48,3.62,3.72,3.63,4.0,,4.2,3.75,,2.67,4.33,3.43,4.33,3.68,3.0,3.87,4.0,4.0
41,2.53,2.68,3.67,3.22,3.4,3.38,1.5,3.43,2.75,4.25,2.96,1.5,3.0,3.3,3.32,2.3,3.27,2.92,4.0
42,3.4,3.51,4.0,2.93,3.41,3.75,4.33,3.82,3.59,3.5,3.0,4.5,3.86,3.96,3.64,3.25,3.58,3.81,3.92
43,4.32,4.68,5.0,4.94,4.52,4.25,,4.43,4.88,,4.6,5.0,5.0,4.5,4.52,4.67,4.31,4.0,4.0
44,3.45,3.45,2.75,2.33,3.39,4.0,,3.58,2.33,,2.33,,3.0,3.0,3.38,3.11,3.18,,
45,4.01,4.02,4.44,3.86,3.69,4.2,4.0,4.04,3.76,,4.03,4.71,4.3,4.21,3.92,3.72,4.02,4.43,3.67
46,3.89,4.08,5.0,5.0,3.92,4.0,,4.0,4.67,,4.5,5.0,5.0,4.33,4.5,4.0,3.94,4.33,4.33
47,2.81,2.95,,3.0,2.47,3.28,3.29,3.22,2.5,,2.08,2.92,2.93,2.69,2.9,2.85,2.84,3.5,3.5
48,4.02,4.04,4.38,4.38,4.19,4.25,,4.0,4.5,,4.33,4.25,4.25,4.5,4.0,4.17,3.97,,
49,4.36,4.25,4.0,4.1,4.0,4.17,,4.35,,,4.25,4.33,,4.25,4.0,4.33,4.25,4.25,
50,2.45,2.48,2.62,2.26,2.59,2.93,3.14,3.04,2.83,3.5,2.62,2.07,2.57,3.22,2.82,2.55,2.82,3.45,3.17
51,3.48,3.59,3.06,3.13,3.8,3.85,5.0,4.07,3.88,4.17,3.76,3.25,3.61,3.7,3.97,3.77,3.46,4.27,3.56
52,4.53,4.59,4.46,4.46,4.43,4.62,4.5,4.42,4.55,,4.33,4.5,4.67,4.67,4.39,4.59,4.58,4.38,4.0
53,5.0,5.0,,,5.0,5.0,,5.0,,5.0,5.0,,5.0,5.0,5.0,5.0,5.0,5.0,
54,2.86,3.0,3.0,2.8,2.92,3.12,,3.13,3.0,,4.0,3.0,3.0,3.0,3.17,3.0,3.0,3.33,3.0
55,2.9,2.62,0.5,1.25,2.56,4.35,,2.92,1.75,,,,0.5,3.5,0.5,1.33,4.06,2.25,
56,3.58,3.92,5.0,4.0,3.94,3.54,,3.94,3.33,,3.67,5.0,5.0,4.0,4.25,3.56,3.81,4.33,
57,3.21,3.36,3.76,3.35,3.4,3.46,4.0,3.55,3.42,4.15,2.82,3.75,3.71,3.79,3.4,3.15,3.16,4.15,3.68
58,3.81,3.76,4.38,4.27,3.77,3.65,,4.02,4.0,,2.33,4.33,4.44,4.5,4.0,3.7,4.03,4.2,3.33
59,4.0,3.68,3.0,3.0,3.96,4.22,4.5,4.68,3.25,4.67,5.0,5.0,,4.5,4.6,3.85,4.4,4.72,
60,4.0,3.5,3.5,3.4,3.5,4.0,,3.93,3.0,,,5.0,3.5,3.5,3.4,,3.5,4.0,
61,3.86,4.0,,,3.5,4.19,,4.19,4.25,,4.0,,,4.4,3.12,3.72,4.17,4.17,3.88
62,3.99,3.93,3.39,3.65,3.87,4.47,,4.28,3.89,4.5,4.02,4.06,3.42,4.22,3.78,3.97,4.15,4.16,4.5
63,3.58,3.53,4.24,3.8,3.75,3.79,4.36,3.6,3.59,4.4,3.04,3.38,4.2,3.9,3.5,3.41,3.54,3.47,4.0
64,3.65,3.76,3.88,3.82,3.66,3.88,4.08,3.92,3.82,4.0,3.74,3.71,3.79,3.67,3.71,3.51,3.67,4.31,3.94
65,3.97,3.79,,,3.7,4.18,,4.12,3.62,,,4.33,,4.25,3.67,4.06,4.08,3.83,
66,3.84,3.91,4.19,3.97,3.96,4.07,,4.2,4.1,4.88,3.92,5.0,4.25,4.22,4.28,3.79,3.97,4.39,4.55
67,4.12,3.61,3.9,3.9,4.32,4.2,,4.04,3.08,,,4.0,,3.5,3.88,4.06,4.22,4.33,3.75
68,3.34,3.41,3.33,3.11,3.17,3.22,3.79,3.22,3.29,3.83,2.84,3.86,3.04,3.12,3.33,3.2,3.21,3.34,3.39
69,4.44,4.33,,,4.67,4.57,,4.32,5.0,4.0,3.83,,,4.6,4.25,4.35,4.15,4.0,5.0
70,3.75,4.38,4.0,4.62,4.14,4.36,4.5,4.41,4.62,,4.5,4.0,,4.0,4.46,4.25,3.0,4.3,4.0
71,3.86,3.81,5.0,3.8,3.62,3.2,,3.11,4.0,,,,3.0,3.5,3.86,3.36,3.73,4.0,
72,4.15,4.2,,,3.83,4.5,,4.15,,,4.33,4.25,,4.38,4.12,4.25,4.21,4.38,4.0
73,4.13,3.95,3.42,3.38,3.5,4.07,,3.87,3.68,,3.8,4.04,3.1,4.38,3.35,3.95,4.13,4.8,4.75
74,4.07,4.18,,,4.35,4.26,5.0,4.28,4.5,4.75,3.64,,4.0,4.28,4.25,3.94,4.23,4.18,4.1
75,3.21,3.38,4.2,4.2,3.81,3.15,,2.98,3.39,,3.5,4.5,4.33,2.96,3.23,2.95,3.22,2.38,4.5
76,3.16,2.52,0.56,0.77,2.64,3.65,3.5,3.19,1.97,,3.93,3.0,0.75,3.63,1.73,3.2,3.58,3.11,2.8
77,4.42,4.93,5.0,5.0,3.62,3.5,,3.28,4.8,,,4.42,,2.12,3.17,4.05,2.94,,
78,3.31,3.0,2.25,2.5,3.16,3.33,,2.83,2.5,,2.5,4.0,1.5,2.33,3.5,3.03,3.14,3.0,2.0
79,4.2,4.25,,,4.14,4.5,4.33,3.96,4.0,5.0,4.17,,4.5,4.5,4.0,4.36,4.22,4.0,
80,4.36,4.2,4.0,4.0,3.82,4.43,,4.28,4.35,4.0,4.13,4.27,,4.47,4.38,4.19,4.29,4.08,
81,2.77,2.45,2.0,2.0,1.88,2.71,,2.88,1.0,,,2.5,2.0,4.0,2.33,3.83,3.08,2.67,
82,3.55,3.37,3.04,2.61,3.47,3.45,3.0,3.32,3.25,1.0,3.36,3.25,3.21,3.14,3.38,3.53,3.3,3.86,3.62
83,3.0,3.18,3.45,3.17,3.0,3.39,2.0,3.63,3.2,,2.5,3.73,4.12,3.33,3.68,3.4,3.11,3.44,0.5
84,3.56,3.56,3.0,3.35,3.49,3.73,3.75,3.88,3.56,3.67,3.55,5.0,3.76,3.93,3.7,3.36,3.57,4.35,4.0
85,1.0,5.0,,5.0,3.33,2.0,,3.83,5.0,,,,,3.67,4.0,2.0,3.0,3.67,
86,3.85,3.91,4.04,4.05,4.07,4.11,,3.94,3.94,,4.0,3.86,4.0,4.25,3.85,3.91,3.92,3.17,4.0
87,3.0,3.9,4.33,3.8,4.22,,,3.91,4.3,,3.5,,4.0,4.0,4.25,3.64,3.67,,
88,4.24,4.57,,0.5,3.21,4.56,,4.17,4.7,,4.17,4.67,,4.25,3.5,3.79,4.31,4.25,4.0
89,3.38,3.52,4.02,3.89,3.47,3.32,4.5,3.41,3.46,,4.24,4.12,3.05,3.7,3.09,3.38,3.74,3.46,4.5
90,4.0,3.75,3.0,3.5,4.05,4.4,4.25,4.21,3.5,,4.0,,4.33,4.0,4.28,4.0,4.0,4.0,
91,3.61,3.61,3.97,3.3,3.09,3.53,3.5,3.33,3.84,3.5,3.83,3.79,3.1,3.75,2.96,3.71,3.67,3.33,3.58
92,3.5,3.88,4.0,4.0,4.11,3.0,,3.85,4.5,,3.83,4.5,4.5,4.0,4.38,3.67,3.5,4.25,
93,4.33,4.2,3.75,4.06,4.11,4.38,,4.5,4.26,,4.33,5.0,4.0,4.5,4.35,4.5,4.36,5.0,4.0
94,3.05,3.28,4.0,3.67,2.73,3.18,,3.33,2.83,,2.0,4.0,4.0,3.33,2.3,3.33,3.19,3.75,3.33
95,4.18,4.17,4.7,4.2,3.85,4.14,4.5,4.22,4.0,4.0,3.33,4.12,3.67,4.25,4.17,4.27,4.1,4.25,
96,3.86,3.85,5.0,4.2,3.95,4.5,,3.91,3.62,5.0,4.0,5.0,4.0,4.43,3.55,3.81,3.81,4.0,4.0
97,4.18,4.29,4.5,4.33,4.11,4.5,,3.92,5.0,,5.0,4.0,,,4.4,4.43,4.55,3.75,
98,3.62,3.6,3.98,3.85,4.0,4.25,,3.88,3.42,,4.27,3.29,3.79,4.6,3.88,3.68,3.91,4.67,
99,3.81,4.0,5.0,5.0,3.87,4.14,,4.39,,,3.33,5.0,5.0,3.67,4.7,2.83,4.0,3.5,4.33
100,3.98,4.03,3.5,4.0,3.93,4.12,,3.98,3.95,,2.4,4.5,4.08,3.7,4.09,3.57,3.63,4.0,4.3
101,3.33,3.33,4.0,4.0,3.36,4.0,,4.08,3.67,,3.6,4.0,4.0,4.0,3.0,3.86,3.5,,
102,3.12,3.14,4.0,3.75,3.57,3.36,,3.53,,,3.5,3.5,4.0,3.67,3.29,2.83,3.33,3.67,3.4
103,3.67,3.5,3.65,3.63,3.82,4.39,3.5,4.16,3.64,4.75,3.6,3.15,3.87,3.85,3.84,3.46,4.04,4.17,4.44
104,3.12,3.54,3.86,3.75,3.57,3.5,,3.55,3.68,4.5,2.38,3.86,3.74,3.5,3.74,3.26,3.26,3.31,2.83
105,3.89,3.93,4.27,4.11,4.03,4.23,4.45,4.16,3.98,4.17,4.07,3.92,3.89,4.25,4.01,3.96,4.07,4.11,4.0
106,4.29,4.44,4.25,4.1,4.67,5.0,,4.39,4.5,,3.5,4.77,,4.5,5.0,3.92,4.07,,
107,3.64,3.77,4.0,4.0,3.69,3.71,,4.24,4.0,,4.0,5.0,,4.0,4.2,3.4,3.67,4.33,4.33
108,3.6,4.0,3.5,4.0,4.11,4.6,,4.19,3.0,,2.0,3.0,5.0,4.75,3.97,4.23,3.83,3.5,5.0
109,3.18,2.89,3.0,3.0,3.04,3.59,3.0,3.39,2.89,3.0,3.2,3.0,3.17,3.4,3.38,2.92,3.3,3.83,3.33
110,3.3,3.7,,2.0,3.75,4.0,5.0,3.93,,,2.25,,,3.88,3.81,2.7,3.63,3.92,
111,3.44,3.28,3.15,3.24,3.42,3.59,4.26,3.33,3.18,,2.04,2.93,3.3,2.84,3.25,2.88,2.88,4.1,3.38
112,4.11,3.88,3.5,3.0,2.64,3.82,,3.56,3.5,,4.25,4.58,3.5,4.6,2.17,4.19,3.75,3.6,4.0
113,3.12,4.4,4.0,4.38,3.58,3.81,,3.82,3.67,4.5,3.33,,4.2,3.55,3.74,3.25,3.47,4.6,
114,3.25,3.28,3.1,3.25,3.55,3.83,,3.71,3.27,,4.0,3.1,3.5,2.25,3.0,3.3,3.6,,
115,3.75,3.74,3.92,3.93,3.71,3.64,,3.88,3.33,4.0,3.8,4.0,4.0,4.09,2.9,3.89,3.82,4.14,4.29
116,3.77,3.5,3.5,3.2,3.39,3.18,,3.15,3.22,,3.06,1.0,3.86,3.8,3.58,3.58,3.52,3.0,4.5
117,3.11,3.18,3.71,3.52,3.36,3.24,,3.46,3.33,,3.8,4.0,3.77,3.33,3.44,3.19,3.21,3.89,3.8
118,3.5,3.33,,,3.5,3.89,,4.0,,,3.0,,,3.5,2.5,4.0,3.83,4.0,4.0
119,4.14,4.18,4.14,4.12,4.07,4.28,3.88,4.28,4.0,4.0,4.0,4.23,5.0,4.27,4.31,3.99,4.16,4.42,3.88
120,3.57,3.56,3.0,3.0,3.2,5.0,,3.57,2.67,,3.0,,2.67,3.0,3.0,3.75,3.33,,
121,3.25,3.0,3.5,3.5,3.2,3.9,3.0,3.42,2.6,,3.0,3.0,3.0,3.0,3.41,3.0,3.3,3.4,3.25
122,4.4,4.41,4.61,4.55,4.55,4.66,4.5,4.66,4.47,5.0,4.47,4.24,4.88,4.65,4.48,4.48,4.51,4.55,4.56
123,3.94,3.89,4.0,4.25,3.9,4.03,,4.04,3.8,,4.0,4.25,,4.2,3.83,4.06,4.06,4.17,4.5
124,3.67,4.12,4.3,4.2,3.9,4.36,,4.41,3.75,4.0,2.33,,,3.83,4.29,3.62,3.88,4.25,
125,3.71,3.62,3.93,3.66,3.92,3.87,2.5,4.0,3.85,3.83,3.74,3.61,3.92,4.14,3.97,3.76,3.84,3.73,3.88
126,3.31,3.25,4.0,3.4,3.0,3.3,,3.5,3.67,,2.0,4.33,4.0,5.0,4.2,2.67,3.5,3.67,4.0
127,4.0,0.5,0.5,1.25,3.33,4.0,,2.96,2.0,5.0,1.0,,4.0,3.5,2.75,1.0,2.67,5.0,4.0
128,4.3,4.5,,,4.6,4.14,,4.36,4.0,4.0,4.0,,5.0,4.22,4.7,4.33,4.2,5.0,
129,4.01,3.92,4.11,3.94,3.86,4.07,,3.99,4.08,4.5,3.5,3.94,4.06,3.55,4.12,3.9,3.82,4.25,
130,3.45,3.18,2.33,2.75,3.5,3.57,,3.85,3.0,,4.0,3.0,2.0,,3.0,3.5,3.6,4.5,3.0
131,3.26,3.38,3.5,,3.33,3.78,3.0,3.5,3.4,4.0,3.0,4.0,,3.6,3.42,3.09,3.43,3.21,2.0
132,2.92,2.79,2.91,2.84,2.91,3.24,2.75,3.19,3.1,3.88,2.8,3.45,3.44,3.2,3.13,2.88,3.14,3.36,2.5
133,2.64,2.57,3.0,3.0,3.0,2.67,,3.0,3.0,,2.5,3.0,3.0,3.67,3.25,3.25,3.0,3.67,2.0
134,3.47,3.42,3.4,3.4,3.11,3.75,,3.79,3.67,,4.0,4.0,3.5,3.5,3.33,3.5,3.58,4.5,4.0
135,3.42,3.5,4.0,3.78,3.66,3.63,4.5,3.76,3.91,3.0,3.82,,4.11,3.75,3.63,3.51,3.52,3.88,4.0
136,3.15,3.17,3.0,2.7,3.16,3.61,,3.66,3.44,,3.11,3.33,3.5,4.2,3.78,2.62,3.48,4.0,2.5
137,3.73,3.89,3.8,4.0,3.9,3.78,4.42,4.04,4.04,4.1,3.77,3.5,4.0,4.18,3.89,3.56,3.67,4.21,4.0
138,3.75,4.08,4.17,4.17,4.06,1.67,,3.4,3.33,,,5.0,,0.5,4.0,4.0,1.83,1.5,
139,2.22,2.42,2.47,2.25,2.03,2.18,,2.15,2.42,,1.59,2.45,2.5,2.09,1.88,2.02,1.95,2.55,2.67
140,3.47,3.52,3.16,3.52,3.34,3.54,3.5,3.59,3.37,3.5,3.5,4.2,3.58,3.26,3.63,3.42,3.39,3.8,3.79
141,3.49,3.68,3.79,3.73,3.49,3.55,,3.74,3.72,2.5,3.33,3.74,3.31,3.33,3.52,3.61,3.5,3.33,4.25
142,3.31,3.78,4.33,4.25,4.11,3.89,,3.89,4.0,,5.0,4.33,4.33,4.5,4.0,3.0,3.74,4.67,4.0
143,2.17,3.5,3.82,3.73,3.34,3.5,5.0,3.28,3.4,,1.0,3.2,3.33,2.0,3.45,3.12,2.67,4.5,
144,3.42,3.67,4.08,3.82,3.46,3.71,3.5,3.8,3.78,,3.92,3.83,4.38,4.0,3.71,3.0,3.48,3.67,3.62
145,2.88,3.27,4.33,4.33,3.38,3.57,,3.44,4.5,,,3.5,4.0,5.0,3.33,2.75,3.56,4.0,4.0
146,2.1,3.5,3.75,3.21,3.12,3.0,,3.46,3.4,,3.33,3.0,,3.6,3.25,2.88,2.86,3.0,
147,3.0,4.75,3.0,3.0,3.58,4.33,,2.93,3.0,,4.5,,3.0,,2.86,4.5,3.5,2.75,4.5
148,3.56,3.66,3.71,3.77,3.71,2.5,,3.75,3.7,,,3.75,4.1,3.17,4.12,3.65,3.58,4.25,
149,2.77,2.5,3.33,1.6,2.8,2.33,,2.86,2.0,,3.83,,,2.5,4.0,2.75,2.83,5.0,2.0
150,3.6,3.71,,3.0,3.44,3.75,,3.5,3.0,,,,3.0,4.0,3.4,4.67,3.67,,
151,3.5,3.47,4.2,3.57,3.71,4.5,,3.43,3.92,,3.0,,3.5,3.0,4.0,3.75,3.4,,
152,3.59,3.5,4.5,4.5,3.75,4.14,4.38,4.05,3.17,4.0,4.5,3.5,3.5,4.06,4.0,3.62,4.04,4.33,
153,0.93,1.35,1.72,1.65,2.13,1.7,1.0,2.74,1.94,2.5,1.12,1.09,2.56,3.38,2.67,1.48,1.83,1.61,0.75
154,4.18,4.57,4.62,4.94,4.44,3.2,,4.0,4.81,,,4.43,,5.0,5.0,4.73,2.5,4.5,
155,3.75,3.67,3.57,3.3,3.54,3.57,,3.29,3.2,,4.0,,3.0,,4.0,4.0,3.57,4.0,4.0
156,3.29,3.58,3.32,3.27,3.52,3.88,3.83,3.82,3.64,4.67,3.5,4.0,3.75,3.99,3.75,3.3,3.78,3.88,3.75
157,3.4,3.5,4.0,3.0,3.23,4.33,,3.67,3.5,,,,,3.5,2.5,3.0,4.33,5.0,
158,3.71,3.38,,2.5,3.2,3.6,4.0,3.36,3.0,,3.7,,,4.0,3.0,4.0,3.6,,
159,3.44,3.71,3.81,3.9,3.42,1.83,,3.18,3.96,,,4.33,3.4,4.0,3.19,2.42,2.88,3.67,
160,2.28,2.29,3.62,2.89,2.75,3.2,,3.19,2.82,5.0,2.34,3.75,3.69,3.0,2.84,2.48,2.46,3.61,2.33
161,3.88,4.21,4.27,4.27,3.86,4.67,4.5,3.72,3.56,,4.0,,4.07,4.0,3.25,4.08,3.83,,
162,4.0,4.0,4.0,4.0,4.0,4.44,,4.26,3.0,,,4.0,4.0,4.0,4.14,4.0,4.0,4.67,4.0
163,2.8,2.0,,4.0,3.08,2.5,,3.0,2.0,3.0,3.0,,,3.0,3.14,2.5,3.0,,
164,4.34,4.28,,4.0,3.4,3.67,,4.33,3.5,,4.0,,,,3.75,4.25,4.23,5.0,5.0
165,3.72,3.88,4.0,3.33,3.45,3.53,,3.29,3.75,,3.5,,4.0,4.0,3.67,3.6,3.68,3.5,3.33
166,3.99,4.08,4.5,4.2,4.07,4.2,4.0,4.17,4.03,4.67,3.75,4.43,4.5,3.98,4.21,4.03,4.01,4.14,4.33
167,3.45,3.82,3.92,3.7,3.38,3.43,,3.18,3.9,4.5,2.95,4.06,3.34,3.5,2.87,3.44,3.1,2.75,2.75
168,4.53,4.2,4.5,4.4,4.26,4.64,4.75,4.57,4.4,4.75,3.0,,4.5,4.74,4.37,2.25,4.48,4.58,4.8
169,3.86,4.09,4.33,4.32,4.22,4.11,4.33,4.39,4.36,,3.75,4.42,4.42,4.17,4.27,3.84,3.82,4.35,4.33
170,3.28,3.17,3.2,3.0,3.12,3.29,,3.62,2.6,,4.0,3.0,3.2,3.0,3.75,3.33,3.16,4.0,3.75
171,4.57,4.64,4.75,4.64,4.61,4.78,,4.68,4.4,,4.67,,4.5,4.75,4.5,4.7,4.68,4.5,4.8
172,3.7,3.75,3.5,3.75,4.0,3.83,,3.83,3.9,,3.75,,3.5,4.5,5.0,3.88,3.7,3.67,3.5
173,3.12,3.43,3.0,3.0,3.5,2.33,,3.73,3.0,,3.0,3.5,3.0,,3.71,3.5,2.83,4.33,
174,3.75,3.68,3.5,3.4,3.61,3.44,,3.69,3.4,,3.5,4.0,3.5,3.6,3.93,3.45,3.75,3.0,4.0
175,,,,4.25,3.72,,,4.03,,,0.5,,4.17,,4.28,0.5,0.5,,
176,4.11,4.07,3.0,3.0,3.42,3.86,,4.25,3.0,,5.0,4.0,3.0,5.0,4.25,4.2,4.19,4.5,4.25
177,3.13,3.21,3.54,3.32,3.29,3.48,3.83,3.59,3.38,3.11,3.03,3.63,3.62,3.57,3.52,3.08,3.27,3.59,3.35
178,3.89,3.75,2.88,3.0,3.98,4.25,3.75,4.37,3.62,,4.33,3.25,2.0,4.42,4.08,4.1,4.19,4.56,4.5
179,3.81,3.72,4.0,4.0,3.57,3.71,,4.18,3.75,,3.67,4.0,4.0,3.5,4.11,3.89,3.97,5.0,4.0
180,3.8,3.75,4.0,4.0,3.39,4.5,,3.64,3.57,3.5,3.25,,,,3.5,3.81,3.33,3.5,
181,2.75,3.06,3.5,3.2,2.92,2.8,,3.18,3.0,,2.75,4.0,3.33,3.2,3.04,2.5,3.04,3.17,2.0
182,3.09,3.12,3.58,3.1,3.45,3.68,3.27,3.87,3.33,4.23,3.19,2.57,3.6,3.77,3.65,3.07,3.29,3.96,3.45
183,3.91,3.75,,3.0,3.5,3.67,,4.06,3.0,,3.5,,4.0,4.0,4.33,3.47,3.81,4.25,3.75
184,3.54,3.51,3.43,3.21,3.57,4.04,4.44,3.98,3.35,,3.1,3.92,,4.12,4.17,3.82,3.76,4.0,
185,3.67,3.5,3.46,3.47,3.35,3.2,,3.59,3.25,,1.5,4.0,3.75,4.33,3.57,2.5,4.0,3.0,
186,4.05,4.12,4.12,4.05,4.1,4.06,4.0,4.07,4.14,4.0,4.1,4.33,4.29,4.33,4.1,4.09,4.05,4.0,4.25
187,3.37,3.27,4.17,3.61,3.63,3.86,4.03,3.91,4.21,4.44,4.2,2.17,4.25,4.13,3.4,3.21,3.61,3.88,3.5
188,4.0,5.0,4.5,4.75,4.3,4.0,,4.35,4.75,5.0,,,4.71,4.22,4.29,3.0,4.22,5.0,4.0
189,4.11,4.0,4.25,4.25,4.0,4.11,,4.23,4.0,,4.0,4.1,,4.25,4.0,4.25,4.17,4.25,
190,3.73,4.17,3.8,3.92,3.79,3.88,3.5,4.03,4.42,4.0,,4.5,3.5,4.0,3.89,3.56,3.72,4.25,
191,2.47,2.69,4.67,3.8,3.71,3.93,5.0,4.06,4.5,5.0,,2.0,,3.0,3.59,2.33,3.67,3.25,1.0
192,4.27,4.5,,,4.0,3.8,,4.0,3.0,,3.0,5.0,,3.5,4.67,4.25,4.08,4.0,4.0
193,3.61,3.75,4.0,2.0,3.06,3.94,,4.02,3.5,,4.25,4.0,,4.5,3.57,4.07,4.0,3.5,
194,3.57,3.83,2.0,2.0,3.41,3.5,,3.62,,3.5,3.5,,2.83,3.5,3.19,3.5,3.38,4.33,3.0
195,3.27,3.3,2.33,2.67,3.63,3.6,,3.63,2.78,3.0,3.25,4.0,2.0,3.55,3.8,3.59,3.38,3.43,3.5
196,4.11,4.0,4.5,4.5,3.25,4.3,,3.94,2.5,,3.75,4.62,5.0,3.25,,3.86,3.91,3.17,
197,3.88,3.5,,,3.82,3.67,,3.82,,,2.5,,,3.5,4.17,4.38,3.79,3.0,4.0
198,3.33,3.61,4.0,3.8,3.29,3.7,,3.72,3.45,3.5,2.76,3.5,4.0,3.3,3.69,3.38,3.48,4.17,3.75
199,3.37,3.7,1.0,2.33,3.39,3.58,3.1,3.5,3.23,4.25,3.23,2.75,2.25,3.36,3.16,3.05,3.22,4.06,3.88
200,3.81,3.76,3.33,3.28,3.83,4.05,4.0,3.8,3.65,4.67,3.88,4.0,4.12,4.35,3.83,3.65,3.85,3.77,3.5
201,4.08,4.25,4.6,4.56,4.21,3.67,,4.35,4.07,1.0,3.57,4.0,4.0,4.2,4.18,4.03,3.88,5.0,3.5
202,3.71,3.87,3.92,4.06,3.83,3.91,4.67,3.86,4.0,3.83,4.0,4.0,3.89,3.78,3.8,3.74,3.76,4.1,3.94
203,3.95,4.03,3.83,3.75,3.18,4.15,,4.31,4.09,,4.0,4.0,,4.17,3.5,3.72,3.94,4.75,3.75
204,3.7,3.54,3.68,3.27,3.94,4.2,,3.97,3.75,3.83,3.69,3.75,,4.32,3.93,4.09,4.33,4.43,3.5
205,4.0,3.93,4.0,3.83,3.88,4.5,5.0,3.82,3.8,,,3.75,2.75,4.17,3.25,4.17,3.9,4.0,4.5
206,3.29,3.62,4.67,4.25,4.25,5.0,,4.58,4.33,,,,4.0,3.67,4.38,3.33,3.44,,5.0
207,2.75,2.86,,0.5,2.07,3.5,,3.17,2.33,,3.0,,,,3.0,2.67,3.43,,3.5
208,3.39,3.12,,,3.0,2.83,,3.5,3.0,,3.0,,,3.5,3.33,3.83,3.0,4.0,
209,4.21,4.29,4.0,4.0,4.08,4.67,,4.3,4.6,,3.0,4.4,,4.58,4.12,4.0,4.29,4.5,
210,4.14,4.23,4.11,4.02,3.9,3.25,,3.89,3.99,,3.33,4.26,,4.33,4.44,4.2,3.86,4.75,
211,3.89,3.85,3.9,3.83,3.98,4.22,,4.07,3.88,4.0,3.5,3.92,4.12,3.68,3.88,3.73,3.79,4.0,
212,3.5,3.57,3.74,3.68,3.61,3.64,,3.61,3.73,4.0,3.43,3.45,3.75,3.53,3.62,3.44,3.44,3.4,3.5
213,3.93,3.78,4.0,3.8,3.83,3.88,,3.96,3.72,,3.46,3.69,5.0,3.5,4.09,3.88,3.73,3.88,
214,2.8,2.83,3.0,3.0,2.75,3.0,,3.0,2.8,,,,3.0,3.0,2.75,2.75,2.83,,
215,3.95,4.06,,4.5,3.83,3.8,5.0,4.08,3.94,4.0,2.5,4.0,,4.0,3.94,3.75,3.58,4.19,2.5
216,3.35,3.45,3.5,3.56,3.63,3.82,5.0,3.68,3.59,4.33,3.0,4.0,3.76,4.0,3.9,3.0,3.46,3.4,4.0
217,2.84,2.95,3.12,2.79,2.64,2.89,,2.84,2.68,3.0,2.76,,2.8,3.06,2.59,2.91,2.92,2.62,2.43
218,3.12,3.11,,,3.45,3.83,,3.67,3.0,4.5,3.75,2.67,3.25,3.12,3.67,2.75,2.92,4.0,
219,3.1,3.16,3.54,2.83,3.09,3.44,3.75,3.39,2.98,4.19,3.02,3.38,3.39,3.79,3.02,3.02,3.27,3.42,3.4
220,3.79,3.92,4.15,4.0,4.03,4.31,4.0,4.11,4.02,,3.6,3.92,4.31,3.95,4.23,3.9,3.76,3.86,4.6
221,3.74,3.83,4.12,3.71,3.95,4.24,4.42,4.23,4.24,4.44,4.25,2.5,3.83,4.4,4.19,3.84,4.13,4.24,4.09
222,3.19,3.19,3.0,2.45,3.08,3.25,2.75,3.23,3.15,3.0,2.5,3.18,3.3,3.17,2.93,3.3,3.13,3.43,3.62
223,3.46,3.54,3.81,3.55,3.32,3.46,4.0,3.23,3.43,4.0,2.0,3.5,3.67,3.56,3.65,3.42,3.08,3.25,3.0
224,3.29,3.57,4.0,4.33,4.5,4.33,,4.33,4.75,,2.5,,,5.0,4.31,3.25,3.5,4.0,
225,3.7,3.83,3.5,3.5,3.71,3.83,,3.62,3.88,,3.5,,3.5,3.57,3.79,3.5,3.77,1.0,
226,3.46,3.52,3.29,3.36,3.52,3.67,4.17,3.6,3.47,,2.88,3.71,3.24,3.46,3.35,3.4,3.42,3.59,3.23
227,4.09,4.02,4.25,4.33,4.44,4.3,4.0,4.28,4.0,4.0,4.5,3.89,4.25,4.22,4.1,4.15,4.33,4.32,4.5
228,3.82,3.56,3.5,3.0,2.75,4.0,,3.58,4.0,,4.0,,,4.25,3.0,4.05,3.88,4.0,
229,3.7,3.77,4.5,4.0,3.61,3.79,,3.93,3.5,,3.5,4.5,4.0,4.0,3.85,3.6,3.73,4.33,3.0
230,3.14,3.24,2.71,2.56,2.89,2.76,,2.54,3.08,,2.75,3.45,2.4,2.81,2.62,3.06,3.1,2.25,2.5
231,4.41,3.93,,,3.25,4.43,,3.44,3.0,,4.33,4.0,,,3.5,4.17,4.33,2.0,
232,3.32,3.16,2.99,2.96,3.08,3.44,3.3,3.49,3.11,4.5,2.92,3.53,3.13,3.33,3.27,3.26,3.29,3.92,3.75
233,3.11,3.12,3.6,3.41,3.25,3.56,3.25,3.46,3.2,3.0,4.0,3.04,3.25,3.28,3.58,2.94,3.21,3.46,3.5
234,3.47,3.56,3.8,3.4,3.46,3.68,,3.8,3.51,,4.2,5.0,4.1,3.75,3.9,3.74,3.75,2.8,3.62
235,3.38,3.47,4.0,3.6,3.42,3.75,4.0,3.93,3.5,,5.0,5.0,4.0,3.33,3.89,3.29,3.63,4.25,3.0
236,5.0,5.0,,,4.06,4.67,,4.4,4.33,,3.5,,4.0,4.33,4.33,3.67,3.86,,
237,3.39,3.07,3.0,3.0,3.0,3.39,,3.5,2.83,,3.5,3.75,,3.5,3.19,3.59,3.52,3.12,
238,3.88,2.6,,1.67,3.67,4.0,,3.58,,4.0,3.0,,,4.25,4.25,2.0,4.06,4.17,3.75
239,4.0,3.96,3.93,3.97,3.85,4.28,4.12,4.17,3.93,3.75,3.5,4.0,3.75,4.18,3.99,3.91,4.01,4.47,4.0
240,3.93,3.87,3.7,3.66,4.07,3.33,,3.71,4.0,,4.17,3.67,3.62,3.25,3.67,4.05,3.83,4.2,4.8
241,3.8,3.93,4.0,3.5,4.08,3.88,,3.97,3.5,,3.33,4.33,4.12,3.78,4.1,4.1,3.77,3.67,4.0
242,3.2,3.27,3.0,3.0,3.25,3.56,,3.62,3.0,,5.0,3.0,3.0,5.0,3.25,3.6,3.94,3.5,3.33
243,4.22,4.18,3.33,3.33,3.92,4.11,,4.25,3.8,,,3.0,3.33,5.0,4.0,4.0,4.47,4.25,
244,3.64,3.88,,3.0,4.11,3.28,,3.59,3.83,3.0,4.0,,,3.25,3.8,3.71,3.48,4.07,4.33
245,,4.0,3.33,3.33,3.2,2.25,3.17,2.4,4.0,,,,,1.0,2.33,,1.75,3.0,
246,4.26,4.33,4.6,4.6,4.27,4.06,,4.26,4.36,4.83,4.43,4.29,3.8,4.48,4.37,4.2,4.21,4.7,4.5
247,3.71,3.66,3.8,3.68,3.74,3.88,,3.9,3.76,3.0,4.17,3.8,3.45,4.13,3.34,3.56,3.82,4.12,3.25
248,3.77,3.73,3.69,3.71,3.96,3.33,3.5,3.38,3.75,,,3.25,,4.25,4.0,3.73,3.83,,
249,3.71,3.72,3.82,3.6,3.58,3.83,3.8,3.9,3.64,4.5,3.32,3.78,3.82,3.76,3.67,3.73,3.64,3.88,4.09
250,3.75,4.0,4.12,4.12,3.57,4.5,,4.56,4.5,,4.5,,4.5,4.0,4.57,3.75,4.0,4.5,4.5
251,5.0,5.0,4.17,4.17,5.0,4.94,5.0,4.8,5.0,,5.0,5.0,,5.0,5.0,5.0,4.94,5.0,
252,3.86,4.19,4.39,4.43,4.3,3.5,,4.32,4.25,,,4.0,4.38,4.0,4.3,3.86,4.0,,
253,3.25,4.0,4.62,,4.41,4.7,4.31,4.4,4.7,4.5,,2.0,4.75,4.2,4.33,3.83,4.5,5.0,4.5
254,3.84,3.93,4.5,4.25,3.87,4.17,4.12,4.05,4.1,4.75,4.19,4.12,4.25,4.11,3.89,3.67,3.92,4.57,4.0
255,4.17,2.71,2.4,2.3,2.75,2.4,1.0,1.4,1.5,,3.0,,2.8,1.0,1.57,3.5,3.0,5.0,1.33
256,4.0,3.9,3.5,3.9,3.87,4.2,4.0,3.99,3.42,,4.06,3.91,4.0,4.08,4.0,3.93,4.01,4.12,4.33
257,3.61,3.4,3.5,3.5,3.0,3.08,,3.83,3.5,,,,3.75,4.0,3.0,4.0,3.62,,2.5
258,3.7,3.65,4.8,4.83,5.0,5.0,,4.54,4.08,,4.5,2.5,,4.5,5.0,3.5,4.14,2.25,
259,2.06,2.58,4.0,3.4,3.93,4.0,,3.21,2.92,,,,5.0,5.0,3.44,3.08,2.5,,1.0
260,3.72,3.69,4.03,4.14,3.85,3.77,3.69,3.64,3.83,3.0,3.5,,4.25,3.83,3.52,3.67,3.84,4.5,
261,3.76,3.17,1.5,1.5,3.31,4.03,,4.27,2.0,,,4.5,1.0,4.28,5.0,4.46,4.15,3.8,4.0
262,3.2,3.25,2.5,2.5,2.96,3.4,,3.26,2.8,3.0,3.5,,2.5,3.0,2.85,4.5,2.93,,
263,3.54,3.68,4.08,4.0,3.66,3.73,3.58,3.82,3.82,4.0,3.33,4.0,3.88,3.75,3.78,3.72,3.48,4.14,4.0
264,3.23,3.53,3.4,3.64,3.73,4.0,,3.58,4.0,,3.4,3.83,3.44,3.08,3.67,3.47,3.13,3.57,
265,3.59,3.86,,3.0,3.36,3.33,,3.27,3.0,,2.42,4.0,3.0,3.67,3.27,3.49,3.42,3.6,3.0
266,3.72,3.66,2.8,2.12,3.37,3.92,3.0,3.54,3.45,4.0,3.1,,3.22,3.33,2.53,3.62,3.67,4.67,3.0
267,4.26,4.24,,4.0,4.21,4.0,,3.8,3.67,,4.12,5.0,5.0,3.5,4.71,4.4,4.33,3.0,4.0
268,3.0,3.26,,,3.37,3.35,2.0,3.27,3.29,4.25,3.33,,3.5,3.9,3.05,3.33,2.89,2.62,5.0
269,3.18,3.62,4.5,4.0,3.67,3.8,,4.0,4.67,,5.0,,4.0,3.5,4.2,3.25,3.57,,
270,2.93,3.36,5.0,5.0,2.94,3.5,,3.83,3.8,,,,5.0,3.33,3.4,3.0,3.07,,
271,2.67,3.3,3.0,3.0,3.5,2.93,,3.35,2.75,4.0,3.25,,3.5,3.25,3.2,3.09,3.23,4.0,
272,3.64,3.33,3.67,3.67,3.75,4.1,,3.62,2.67,,3.5,3.64,,4.0,2.75,3.69,3.72,3.5,3.5
273,3.75,3.9,4.67,4.1,3.97,4.0,,3.95,4.17,,3.25,4.33,4.6,5.0,4.07,4.33,4.0,4.0,2.0
274,3.25,3.22,3.32,3.11,3.14,3.43,3.5,3.43,3.12,3.93,3.2,3.18,3.29,3.37,3.14,3.24,3.26,3.65,3.46
275,3.95,3.87,3.77,3.93,4.0,4.36,4.4,4.13,4.08,4.33,3.5,,4.0,4.56,4.03,3.76,4.32,4.38,4.4
276,4.73,4.33,4.17,3.91,4.35,,,4.86,3.57,,4.0,5.0,4.33,5.0,4.2,4.88,4.8,5.0,
277,3.85,3.75,3.5,3.25,3.36,3.0,,3.0,3.4,,,,3.0,5.0,3.33,4.0,4.0,,
278,4.5,3.0,5.0,3.0,3.45,4.33,,4.33,,,3.0,,3.0,4.17,3.33,3.5,3.83,4.75,3.0
279,3.65,3.7,2.5,2.67,3.49,3.7,,3.67,3.5,3.5,4.25,3.45,3.0,3.6,3.28,3.76,3.71,3.5,4.12
280,3.76,3.79,4.25,3.95,3.7,4.25,5.0,4.22,3.82,,4.17,4.12,4.05,4.05,3.93,3.5,4.26,4.17,
281,3.25,3.38,2.5,2.25,3.45,3.0,,3.05,4.25,,,4.25,2.75,1.0,3.07,3.0,2.38,4.5,
282,3.96,4.11,4.43,4.36,3.89,4.11,3.5,4.2,4.23,,3.67,4.14,4.2,3.97,3.97,4.23,3.97,4.19,4.33
283,4.0,4.0,2.5,2.8,3.04,3.43,,3.75,3.0,,3.5,5.0,,,3.0,4.0,3.33,5.0,
284,3.66,3.74,4.5,3.8,3.66,3.4,,3.31,3.5,,,3.0,4.5,4.0,3.75,4.0,3.69,5.0,3.67
285,3.75,,,4.0,3.68,4.36,,3.98,,5.0,4.25,,3.5,4.5,3.79,,4.28,4.0,4.0
286,3.74,3.66,4.33,4.11,3.4,4.0,,3.95,3.85,5.0,3.95,3.5,3.83,3.94,3.41,3.36,4.01,4.2,3.0
287,1.85,2.45,1.81,1.47,2.69,2.89,4.25,3.15,2.91,4.0,1.59,2.5,2.56,2.29,2.63,2.36,2.2,3.17,1.0
288,3.04,3.15,3.24,3.13,3.17,3.37,3.5,3.31,3.21,3.83,2.66,3.58,3.24,3.02,3.21,3.06,3.03,3.33,3.21
289,3.12,3.5,3.5,3.5,3.59,4.17,3.5,3.85,3.67,,3.25,,3.5,,2.83,3.25,3.17,4.25,3.5
290,4.12,4.31,4.14,4.27,3.98,4.26,4.2,4.24,4.08,4.3,3.73,4.0,4.45,4.26,4.27,3.95,3.95,4.57,4.57
291,4.33,4.26,3.71,4.0,3.6,4.5,,4.0,4.19,,,4.64,,4.67,5.0,4.44,4.2,4.0,
292,3.5,3.63,3.61,3.54,3.09,3.32,2.75,3.14,3.47,,2.56,3.68,3.38,3.28,3.26,3.45,3.37,3.6,3.19
293,2.57,2.67,2.5,2.33,2.44,2.8,,3.0,2.5,3.0,2.67,,2.0,3.0,3.0,3.0,2.62,3.0,
294,2.64,2.59,2.67,2.11,2.56,2.82,4.0,2.9,2.8,2.33,3.15,,2.53,2.64,2.45,2.79,2.66,3.3,2.6
295,3.22,3.0,,4.5,4.1,4.1,,4.09,5.0,3.5,2.75,5.0,,4.21,4.5,2.75,3.67,5.0,3.5
296,3.41,2.94,4.67,5.0,4.83,4.92,4.5,4.67,3.9,,,3.0,,5.0,5.0,2.57,4.79,4.75,5.0
297,2.26,1.9,,,2.86,3.33,,2.73,1.0,3.0,2.2,3.0,,2.71,2.0,1.62,2.53,2.5,
298,2.53,2.57,2.8,1.82,2.2,2.7,2.95,2.45,2.37,3.62,2.36,2.43,2.62,2.64,1.94,2.71,2.5,2.6,2.5
299,3.69,3.57,,3.0,4.0,3.5,,4.2,2.5,,3.75,,,3.0,3.0,3.4,3.62,4.0,4.0
300,4.0,5.0,,,4.33,4.19,,4.35,5.0,4.0,3.5,4.0,,3.62,4.38,4.2,4.23,4.5,3.5
301,2.66,3.1,3.67,3.09,3.23,3.9,,3.76,3.11,,0.75,3.0,3.5,3.57,3.33,2.71,3.09,3.0,4.5
302,3.83,4.0,,,4.14,4.0,,4.27,,,,,,3.5,4.0,4.2,3.81,4.0,3.0
303,4.26,4.2,,5.0,3.46,3.0,,3.29,3.0,,3.8,5.0,,3.67,2.75,4.24,4.0,3.0,
304,3.84,3.98,3.86,3.79,3.76,3.61,,3.98,3.74,,3.5,4.0,3.64,3.89,3.89,4.1,3.84,4.21,3.57
305,3.83,3.65,3.93,3.69,4.04,4.17,,4.0,3.48,4.25,4.05,3.34,4.14,3.76,3.8,3.76,3.88,4.42,4.5
306,3.4,3.52,3.57,3.47,3.42,3.94,,3.06,3.28,,3.02,3.36,3.42,3.17,3.37,3.28,2.97,,3.0
307,2.84,3.05,3.29,2.7,2.55,3.1,2.6,2.97,2.93,3.5,2.07,3.38,2.95,2.87,2.63,2.83,2.69,3.24,3.41
308,2.03,3.33,3.17,3.16,2.58,1.27,2.0,2.19,3.71,,0.75,3.62,3.38,1.25,2.78,2.71,1.5,1.17,
309,3.94,3.92,4.0,3.75,4.04,3.81,,3.85,3.67,3.88,2.88,2.25,4.5,3.5,3.89,3.29,3.58,4.09,4.3
310,3.13,3.08,4.33,4.33,3.37,3.18,4.0,3.79,3.5,,2.0,,3.5,3.83,3.5,3.5,2.72,4.64,4.0
311,2.4,3.12,3.0,3.0,1.46,2.5,,2.43,1.67,,2.75,3.5,2.0,1.5,1.94,3.0,2.62,1.75,2.75
312,3.53,3.69,,4.0,3.5,3.87,5.0,3.91,3.81,4.2,3.44,4.0,3.4,3.56,3.74,3.6,3.53,4.32,3.67
313,3.48,3.43,2.94,2.37,2.93,3.63,,3.61,3.23,3.25,3.77,4.0,2.44,3.63,3.34,3.39,3.71,3.64,2.71
314,2.82,2.84,3.12,3.15,3.06,3.0,,3.4,3.21,,2.83,3.67,3.17,3.0,3.36,2.96,2.71,3.71,2.6
315,3.0,3.14,3.0,3.0,3.38,4.0,,3.78,3.33,,2.33,,3.2,,4.0,2.6,2.33,3.67,3.0
316,2.86,2.67,2.17,2.33,2.94,3.22,3.0,3.07,2.83,3.5,3.0,,2.7,3.3,2.43,3.36,3.18,,
317,3.6,3.14,3.0,3.0,3.69,3.92,3.83,3.78,3.0,3.4,3.64,3.54,4.0,3.83,4.09,3.47,3.73,3.94,3.0
318,3.55,3.57,3.74,3.68,3.81,3.76,4.02,3.83,3.58,3.87,3.37,3.58,3.59,3.69,3.7,3.54,3.62,3.85,4.05
319,4.38,4.32,4.5,4.5,4.15,4.79,,4.53,4.08,,,4.44,4.5,4.75,4.25,4.33,4.75,4.5,
320,3.53,3.62,3.6,3.5,3.58,3.75,4.0,3.0,3.75,,4.0,3.83,,4.0,3.5,3.69,3.5,,
321,3.71,3.87,3.33,3.38,3.5,3.62,,3.82,3.71,,3.5,3.67,3.33,3.67,3.56,3.78,3.58,4.0,
322,3.4,3.45,2.88,3.0,3.34,3.47,4.0,3.49,3.04,3.5,3.0,3.5,2.75,3.83,3.45,3.18,3.77,3.9,
323,2.9,3.2,3.75,3.45,3.31,3.34,,3.3,3.25,,2.9,2.83,3.88,3.25,3.22,2.85,3.2,3.38,2.5
324,4.0,3.0,,,3.09,3.4,,3.17,3.0,,,,4.0,,3.25,3.5,3.0,,2.0
325,3.14,3.34,3.33,3.5,3.34,3.76,2.0,3.83,3.5,4.44,3.65,,3.36,3.62,3.23,3.54,3.46,3.62,3.5
326,4.1,4.14,,,3.78,4.19,4.5,4.09,3.36,3.0,3.62,3.5,5.0,3.38,4.11,4.14,4.01,4.35,4.5
327,3.14,3.21,3.12,3.8,4.23,3.71,,4.23,3.0,,3.9,4.0,2.0,4.0,4.69,4.25,3.6,5.0,5.0
328,3.11,3.24,3.17,3.34,3.27,3.21,3.0,3.22,3.5,2.0,3.42,2.84,3.18,2.86,2.99,3.06,3.01,3.38,2.64
329,1.25,2.5,,,3.11,2.25,,3.46,2.75,3.0,3.5,,5.0,2.67,,0.5,2.93,3.0,2.0
330,3.51,3.68,3.96,3.79,3.65,3.75,,3.83,3.72,,4.16,3.62,3.96,3.85,3.65,3.41,3.52,3.96,4.12
331,3.39,3.37,3.25,3.12,3.61,3.99,2.5,4.06,3.29,5.0,3.83,3.75,3.17,3.71,3.36,3.37,3.69,3.67,5.0
332,3.4,3.53,3.77,3.83,3.62,3.82,4.0,3.78,3.46,3.88,3.57,3.4,3.64,3.92,3.7,3.21,3.49,3.76,3.25
333,3.2,2.5,2.0,1.5,2.58,3.0,,3.3,1.0,,2.0,,,,3.75,1.5,1.75,3.0,4.0
334,3.43,3.53,3.7,3.64,3.53,3.47,3.5,3.43,3.58,,2.95,3.5,3.22,2.93,3.6,3.48,3.18,3.1,3.5
335,4.3,4.67,,,3.17,3.93,,3.83,,,3.0,,,5.0,3.75,4.0,4.44,3.67,4.25
336,4.26,4.19,3.88,4.33,4.15,4.44,,4.4,4.0,4.0,4.25,4.0,2.5,4.43,4.2,5.0,4.37,4.14,5.0
337,4.52,4.36,4.0,4.2,3.77,4.15,,4.23,4.4,,4.0,,4.0,4.5,4.43,4.5,4.36,4.33,4.0
338,2.38,2.28,1.5,2.0,2.86,4.09,2.0,3.53,2.67,,3.33,2.5,,3.4,2.75,2.25,3.5,3.67,
339,3.75,3.74,3.97,3.74,3.94,4.3,4.2,4.23,3.37,4.5,4.16,3.34,3.17,4.19,4.18,3.97,4.22,4.27,4.17
340,4.19,4.45,4.0,4.0,3.75,4.12,,4.25,4.0,,4.0,4.5,4.0,4.0,3.5,4.38,4.2,4.0,5.0
341,3.75,3.88,4.0,3.75,3.72,4.0,,3.91,3.88,,4.0,4.0,3.0,5.0,3.69,3.45,3.9,4.0,3.5
342,3.18,3.0,3.0,2.38,2.91,3.25,,3.08,2.4,,2.62,,,3.0,2.78,2.44,3.28,,2.0
343,3.77,3.87,3.5,4.0,3.85,4.12,4.33,4.15,3.75,4.0,3.62,,,4.0,3.86,3.89,4.25,5.0,5.0
344,4.23,4.39,4.5,4.36,4.08,3.64,,3.38,4.19,1.5,1.6,3.93,4.5,2.9,3.96,4.13,3.45,3.88,4.75
345,3.93,3.75,,3.0,3.87,3.75,,3.93,4.17,,3.79,,4.0,3.7,4.02,3.94,3.72,4.25,
346,3.36,3.33,4.0,,3.4,3.64,4.0,3.73,3.55,3.83,3.85,,3.5,3.75,3.77,3.25,3.68,3.9,3.5
347,3.35,3.65,4.25,4.0,3.72,3.0,,3.6,4.0,,4.0,4.0,4.0,3.25,3.75,3.33,3.5,3.33,3.0
348,4.56,4.55,,,4.65,4.79,4.0,4.71,4.7,,4.67,4.75,4.5,4.67,4.88,4.88,4.84,4.64,4.0
349,3.9,3.43,3.67,3.8,3.69,4.0,,3.75,3.25,,4.0,3.5,3.67,,3.82,3.5,3.79,4.0,3.5
350,3.4,3.4,3.33,3.25,3.17,3.0,,3.12,3.17,,3.0,,3.0,3.5,3.0,3.78,3.31,,
351,3.6,3.58,3.5,3.17,3.48,3.96,,3.82,3.41,4.0,3.3,3.5,4.0,3.58,3.71,3.59,3.66,4.0,
352,3.57,3.79,3.71,3.29,3.42,3.79,,3.94,3.59,3.0,3.95,3.92,3.17,4.05,3.6,3.79,3.75,4.67,3.88
353,3.15,3.28,4.0,3.75,3.32,3.77,5.0,3.79,3.5,,3.71,4.0,3.67,4.0,3.12,2.91,3.88,3.5,3.4
354,3.69,3.5,3.11,3.5,3.6,3.97,3.67,3.83,3.64,4.5,3.75,2.95,3.5,3.89,3.86,3.67,3.75,3.67,3.67
355,4.11,3.9,3.0,3.0,3.57,4.0,,3.67,3.0,,,,5.0,5.0,4.14,4.0,4.33,3.0,4.0
356,3.84,3.88,3.95,4.45,4.06,4.17,,4.06,3.61,4.25,4.38,3.86,4.04,4.04,4.09,4.07,3.99,4.0,4.33
357,3.88,3.95,4.02,4.0,3.8,4.0,4.25,4.08,4.04,3.75,3.98,4.18,4.01,4.19,3.9,3.79,3.91,4.14,3.88
358,2.0,2.92,4.0,4.0,2.97,0.5,0.75,3.63,4.0,,2.5,3.5,2.25,3.25,3.84,4.0,2.17,2.75,
359,2.81,3.3,4.25,3.83,3.2,3.71,,3.83,3.44,,2.75,3.5,2.67,3.62,3.71,2.94,3.3,4.75,3.17
360,3.25,,,1.0,2.83,4.17,,3.46,5.0,5.0,2.5,,,4.14,2.0,1.75,3.41,5.0,
361,3.24,3.09,3.0,2.67,3.38,3.15,,3.09,3.21,2.0,2.5,3.7,3.0,3.5,3.16,2.82,3.21,3.21,
362,4.19,4.25,4.1,4.0,4.07,4.31,,4.34,4.45,4.33,4.29,3.83,4.33,4.17,4.14,4.21,4.23,4.42,4.88
363,3.04,3.0,2.0,2.0,3.6,3.9,,3.55,2.83,,2.5,,,4.0,3.33,2.83,2.88,,
364,4.08,4.2,4.0,4.33,4.67,5.0,,4.2,5.0,,,,4.0,3.67,3.5,3.8,4.31,,
365,2.78,2.74,2.46,2.52,3.04,2.8,1.25,2.52,2.79,,2.24,2.69,2.3,2.0,2.53,2.75,2.25,2.9,3.5
366,3.86,3.9,3.75,4.0,3.4,4.1,,4.19,4.38,3.0,,4.14,,4.0,3.5,3.64,3.91,4.25,
367,3.91,4.03,3.86,4.26,3.74,4.18,,4.0,4.05,4.0,4.0,4.0,3.91,4.0,3.81,4.2,4.13,4.0,3.8
368,2.66,2.79,,2.25,2.73,2.88,,3.1,2.43,3.5,2.73,,2.75,2.94,2.85,2.66,2.81,3.14,2.92
369,3.26,3.22,3.75,3.0,3.48,3.62,3.25,3.53,3.22,,4.0,3.5,3.08,3.77,3.38,3.33,3.5,3.33,3.0
370,3.41,3.28,3.4,3.25,3.7,3.5,3.5,3.73,3.46,3.0,3.8,3.08,,3.78,3.67,3.11,3.57,3.5,
371,4.43,4.55,4.67,4.3,4.5,4.4,,4.8,4.54,5.0,4.62,4.75,4.25,4.6,4.75,4.71,4.68,,
372,3.67,3.43,2.5,2.76,3.2,3.51,3.0,3.33,3.17,2.5,3.56,3.67,2.92,3.53,3.58,3.38,3.43,3.79,3.57
373,2.57,2.62,4.5,3.12,2.56,3.56,,3.81,3.15,,4.0,3.5,5.0,3.62,3.0,2.69,3.43,3.6,3.0
374,3.6,3.53,3.0,3.0,4.25,3.5,,3.8,3.75,,4.0,3.0,3.0,5.0,3.75,3.67,3.81,4.33,3.0
375,3.54,4.06,3.17,3.38,3.95,4.33,,4.28,3.0,,5.0,3.0,3.0,4.75,3.56,3.25,3.69,4.5,
376,4.06,4.02,4.35,4.19,3.78,4.27,,4.13,4.04,4.0,3.64,4.36,3.5,4.38,3.86,4.11,4.24,4.28,4.25
377,3.98,4.27,4.12,3.33,3.55,3.86,4.0,4.12,3.95,4.0,3.86,4.5,3.15,4.75,3.57,4.17,4.0,4.05,3.88
378,3.78,4.11,4.25,4.25,3.83,4.03,,4.0,4.25,,3.25,4.39,4.5,4.4,3.5,4.14,3.89,4.0,3.0
379,3.33,3.67,3.0,4.0,2.92,2.78,,3.82,2.5,,3.0,4.0,3.0,3.0,3.43,3.6,3.31,4.25,5.0
380,3.71,3.77,3.94,3.61,3.64,3.72,3.75,3.74,3.64,4.67,3.44,3.7,3.84,3.55,3.52,3.79,3.58,4.03,4.11
381,3.39,3.48,3.79,3.55,3.46,3.67,3.5,3.78,3.54,,3.26,3.62,3.74,3.58,3.69,3.3,3.55,4.05,3.2
382,3.48,3.75,3.62,3.54,3.12,3.78,,4.15,3.73,,2.82,4.11,4.0,4.0,3.75,3.44,3.64,4.08,4.17
383,3.33,3.5,,,3.69,3.33,,4.0,,,4.0,4.0,,3.75,3.89,3.5,3.33,4.67,
384,2.62,3.91,4.0,3.5,3.03,3.85,,3.12,3.67,,2.2,,,3.0,3.33,2.89,3.29,4.0,2.33
385,3.36,3.51,3.33,3.07,3.42,3.44,3.5,3.37,3.35,3.5,3.43,3.67,3.26,3.25,3.18,3.66,3.2,3.85,3.27
386,2.39,2.58,3.0,3.33,3.05,2.73,,2.9,2.0,,3.2,,3.0,2.86,3.0,2.4,2.69,3.0,3.5
387,3.15,3.19,3.45,2.87,2.98,3.45,3.56,3.52,3.17,4.06,3.07,3.43,3.0,3.57,3.25,3.27,3.37,3.59,3.11
388,4.17,4.22,4.19,3.85,4.0,3.75,,1.0,3.71,,,5.0,3.0,2.0,3.42,2.0,2.75,,
389,4.14,4.36,5.0,5.0,3.67,4.2,,4.38,4.33,,,,,4.0,4.33,4.6,4.33,,
390,3.63,4.12,4.5,3.83,3.62,3.45,4.75,3.82,4.35,,4.0,2.5,3.83,3.71,4.0,3.96,4.0,4.38,3.5
391,3.24,3.4,3.92,4.06,3.77,3.8,4.33,3.89,4.12,4.75,3.0,3.67,3.89,3.8,3.88,3.32,3.39,3.95,3.62
392,3.33,3.5,,,3.2,2.8,,3.25,4.0,,3.0,,,,3.14,2.67,2.8,,
393,3.88,4.38,4.25,4.0,3.79,3.77,5.0,3.58,4.84,1.33,3.71,4.2,5.0,3.32,3.71,3.7,3.63,3.62,
394,3.0,2.38,2.0,2.25,2.75,3.4,,3.38,2.33,,,2.5,2.0,5.0,3.0,2.0,3.38,4.5,3.0
395,3.38,2.96,2.6,2.54,3.18,3.43,,2.88,2.77,,,3.0,2.56,4.5,3.17,3.7,3.42,3.0,3.5
396,1.92,3.83,4.06,4.06,3.58,3.64,,3.41,3.7,,0.5,,3.5,2.67,2.92,1.25,2.65,,
397,4.25,4.0,,2.0,3.83,3.71,,4.25,,3.5,,,,4.0,4.67,4.0,4.0,4.0,
398,3.93,4.5,4.75,5.0,4.35,3.3,4.83,4.33,4.69,,3.5,3.0,5.0,3.5,4.33,3.81,3.21,,4.0
399,3.69,4.42,4.25,4.25,4.1,3.57,,3.88,4.36,,4.5,2.5,,2.5,3.5,3.64,3.69,3.88,
400,4.42,4.14,4.5,4.5,4.36,4.78,,4.59,4.3,,4.75,4.2,,4.7,4.5,4.29,4.69,4.5,
401,3.56,3.56,3.58,3.59,3.49,3.5,,3.58,3.53,,4.5,3.58,3.5,3.5,3.59,3.77,4.25,3.5,3.5
402,4.05,4.09,4.0,4.0,3.71,4.0,,3.79,4.0,,5.0,4.0,3.67,3.0,3.78,4.0,4.17,4.0,
403,3.59,3.21,3.0,3.0,3.64,4.0,,4.0,3.5,,3.5,3.5,,3.8,3.58,3.3,3.75,3.75,4.0
404,3.32,3.44,3.5,3.67,3.42,3.44,,3.4,3.0,,3.33,3.0,3.5,3.0,3.42,3.29,3.35,3.67,3.25
405,4.0,3.89,3.5,,3.84,4.05,,4.03,3.93,4.25,3.96,4.5,3.0,4.2,4.04,3.94,4.15,4.17,4.0
406,3.12,3.5,2.67,2.2,3.75,,,3.43,2.42,,2.83,4.0,2.5,2.0,3.8,3.5,2.83,,
407,4.17,4.14,3.17,3.17,3.75,4.08,,4.19,4.6,,,4.5,,5.0,2.5,4.07,4.06,4.0,
408,4.04,4.13,5.0,3.67,4.01,4.08,3.5,4.22,4.11,,3.0,4.05,3.83,4.07,4.39,3.95,4.11,4.22,4.0
409,3.83,4.11,,4.5,3.79,4.25,5.0,3.89,4.29,,3.3,,4.2,2.5,3.75,4.17,3.53,4.0,5.0
410,3.25,3.7,4.0,4.5,3.94,3.97,4.5,4.1,3.83,4.3,4.0,,4.75,4.4,3.82,3.5,3.91,4.43,4.5
411,3.31,3.64,3.75,3.6,3.0,3.35,5.0,3.37,3.22,,3.5,4.5,3.25,3.22,2.81,3.2,3.53,4.17,3.67
412,3.71,3.64,2.5,2.11,3.76,4.16,4.6,4.0,3.38,4.8,3.17,5.0,2.0,4.19,4.19,3.67,3.87,4.0,5.0
413,4.64,3.7,,,4.24,4.92,,4.61,4.25,,5.0,5.0,,5.0,4.32,2.5,4.75,5.0,4.17
414,3.28,3.42,3.79,3.42,3.27,3.48,3.68,3.56,3.41,3.86,3.08,3.72,3.45,3.57,3.38,3.4,3.29,3.83,3.58
415,3.9,3.87,4.0,4.0,3.92,4.43,4.5,4.27,3.5,4.2,3.88,4.0,3.5,4.23,3.95,4.0,4.21,4.5,4.33
416,2.31,1.6,0.5,1.0,3.0,3.5,4.0,3.69,2.79,4.0,3.25,0.5,0.5,2.75,2.89,2.4,2.73,3.62,2.0
417,4.34,4.33,4.0,4.33,4.55,4.5,,4.58,4.81,,3.9,3.92,,4.5,4.5,4.5,4.6,4.33,
418,2.37,3.1,0.5,1.6,3.18,3.36,4.0,4.06,3.22,3.75,3.0,3.14,4.25,3.46,3.75,3.38,3.32,4.25,3.5
419,3.8,3.52,2.83,1.0,3.7,4.05,4.3,3.9,2.71,2.5,3.87,4.33,2.17,3.89,4.05,3.81,3.89,4.05,
420,3.62,3.8,3.75,3.7,3.82,4.07,3.64,3.98,3.83,4.0,3.67,3.9,4.14,3.95,4.0,3.68,3.76,3.86,
421,2.88,3.5,3.0,3.5,3.5,4.83,,4.43,3.67,,5.0,,,4.25,4.5,4.5,4.3,3.83,3.75
422,3.45,3.4,4.0,3.2,2.92,3.45,,3.69,3.4,4.33,2.75,,3.0,3.2,3.45,2.85,3.0,3.9,3.83
423,3.14,3.2,,,4.0,4.3,,4.15,3.5,,1.5,5.0,,3.5,4.25,3.64,3.56,3.33,4.0
424,3.55,2.88,4.5,4.0,3.51,3.76,,3.74,4.0,3.62,3.94,3.5,4.5,3.82,3.54,2.95,3.81,4.25,4.5
425,3.47,3.43,3.33,3.29,3.36,3.72,,3.66,3.48,3.5,3.63,3.5,3.06,3.75,3.44,3.36,3.57,3.81,3.5
426,3.54,4.03,3.97,4.15,3.76,3.09,,3.62,3.95,,,4.32,4.07,3.0,3.89,3.83,2.61,5.0,
427,3.09,3.12,2.0,2.0,2.85,3.57,3.75,3.26,3.28,,1.92,3.5,0.83,3.75,3.12,2.88,3.26,3.44,4.0
428,2.67,2.38,2.62,1.88,2.39,2.81,4.25,2.93,2.73,4.0,2.83,2.9,2.94,3.13,2.68,2.7,2.86,3.18,2.25
429,3.88,3.92,4.67,4.0,3.9,3.71,,4.14,4.67,3.0,4.0,5.0,4.67,3.67,4.23,3.6,4.0,4.33,3.75
430,4.0,3.38,3.1,3.15,3.6,4.5,,3.98,3.05,,4.0,4.5,,4.64,3.62,3.56,4.5,3.0,
431,2.62,2.3,,1.0,2.54,4.5,,2.9,3.25,,,,,3.5,2.44,1.67,3.5,3.25,3.0
432,3.51,3.55,3.73,3.58,3.24,3.49,,3.82,3.64,3.5,3.93,3.97,4.5,3.74,3.79,3.57,3.54,3.85,4.5
433,3.19,4.0,,,4.62,4.15,,3.46,,,4.0,3.75,,3.6,5.0,4.0,3.67,2.33,2.0
434,3.69,3.65,4.05,3.5,3.65,4.11,4.0,4.03,3.69,,3.53,3.42,3.8,4.15,3.5,3.66,3.71,4.07,3.25
435,4.24,4.06,4.0,4.0,4.11,4.71,,4.57,4.0,,,4.4,4.0,4.42,4.12,4.06,4.53,,3.75
436,2.92,3.17,3.8,3.46,2.98,2.91,,3.45,3.43,,3.0,3.67,3.71,3.5,3.28,2.71,3.2,3.75,3.0
437,3.41,3.55,,3.0,3.78,3.92,5.0,3.88,3.75,,,4.0,,3.75,3.68,3.67,3.31,4.46,5.0
438,3.4,3.41,3.71,3.61,3.3,3.41,3.83,3.42,3.34,4.5,3.12,3.97,3.45,3.38,3.25,3.24,3.43,3.5,3.5
439,3.91,4.11,4.0,4.0,4.25,4.75,4.0,4.5,4.3,,,3.75,,,3.5,3.62,3.88,4.25,
440,3.9,4.07,3.5,4.0,3.75,3.0,,3.84,4.17,4.5,3.88,,,4.0,4.12,4.14,3.94,4.0,3.5
441,4.68,4.61,4.75,4.5,4.68,4.61,,4.17,4.5,,4.5,4.5,,4.62,4.25,4.54,4.6,2.5,
442,0.67,1.83,1.25,2.0,1.9,0.5,,1.08,,,0.67,,,0.5,1.9,1.0,0.6,0.5,
443,3.71,4.42,4.0,4.0,4.71,3.83,,4.17,4.5,,3.4,3.5,,2.88,4.29,3.79,3.92,4.75,
444,3.5,2.75,4.0,3.67,3.85,4.06,,4.05,4.2,,4.5,4.0,4.0,4.0,4.12,3.2,3.88,4.25,3.0
445,3.75,3.65,3.5,3.2,4.2,3.62,,3.84,3.96,,3.67,3.3,3.0,4.43,3.96,3.88,3.8,3.8,3.5
446,3.0,2.9,3.4,3.5,3.0,3.25,,3.31,3.38,,3.0,3.33,3.4,3.67,3.21,3.08,3.26,3.5,3.0
447,3.91,4.06,4.0,3.91,3.63,4.07,,3.97,4.38,,3.75,4.0,4.0,3.25,3.94,3.5,3.94,4.5,4.5
448,2.73,2.95,3.35,3.1,2.91,2.94,3.92,2.99,2.8,3.67,2.12,2.63,3.36,2.87,2.79,2.62,2.76,3.18,3.5
449,3.05,2.71,,2.0,2.76,3.79,4.5,3.78,2.17,,2.5,,,3.8,2.5,2.5,3.55,3.5,2.5
450,4.24,4.12,4.0,4.0,3.79,4.2,,4.15,4.0,,3.43,,4.0,4.0,4.0,4.12,4.0,4.67,4.0
451,3.42,3.7,4.5,4.33,3.85,4.4,,4.1,3.5,,5.0,,4.0,4.5,3.7,3.2,3.71,,
452,4.51,4.4,4.67,4.67,4.75,4.64,,4.57,4.46,5.0,4.57,,4.67,4.73,4.48,4.42,4.54,5.0,4.0
453,3.85,3.91,4.91,4.73,4.13,3.98,4.0,3.86,4.05,4.0,3.21,4.5,4.67,3.41,4.03,4.05,3.72,4.0,4.67
454,3.8,3.5,3.25,,3.83,3.82,,3.76,3.12,4.0,3.75,,,3.82,4.0,3.75,3.8,3.0,
455,3.12,3.1,3.0,3.2,3.42,3.36,,3.71,3.4,,4.0,3.0,3.0,3.5,3.73,2.83,3.38,4.17,3.67
456,4.1,4.4,4.33,4.0,3.53,4.25,,3.92,3.83,,4.5,,3.5,4.0,3.7,4.0,4.15,,
457,3.57,3.8,3.5,3.0,3.53,4.25,,3.73,4.67,,2.67,,4.0,3.0,4.0,3.0,3.33,5.0,1.0
458,4.2,4.07,4.25,4.0,3.87,4.25,,4.32,3.8,,,5.0,3.8,4.0,4.19,4.0,4.57,4.75,3.0
459,4.27,4.37,4.5,4.43,4.3,4.5,,4.61,4.5,,,4.0,,4.67,5.0,4.1,4.4,4.5,5.0
460,4.27,4.22,4.21,3.93,4.07,4.29,,4.29,4.37,,4.0,4.21,4.5,4.36,4.32,4.2,4.13,4.67,
461,0.94,1.2,,,4.42,3.67,,3.61,4.0,,4.0,0.5,,4.0,4.25,0.5,1.81,3.0,4.5
462,2.84,2.8,2.88,2.39,3.2,3.59,4.01,3.38,3.06,3.75,3.38,2.5,3.46,3.23,2.87,2.85,3.23,3.73,3.93
463,3.81,4.0,3.5,3.5,3.39,4.0,3.5,3.94,4.5,,3.67,4.0,3.5,3.0,3.5,3.88,3.79,3.83,
464,3.57,3.47,2.38,2.88,3.12,4.23,,4.24,3.12,5.0,3.67,3.64,2.75,4.38,3.64,3.5,3.68,4.15,4.38
465,3.84,3.78,4.0,4.0,4.47,4.26,,4.21,4.0,4.5,4.5,,4.0,4.23,4.35,3.79,4.06,4.55,4.25
466,3.79,3.88,4.04,3.91,3.85,3.71,,4.06,4.04,,4.25,4.0,3.5,4.15,3.86,3.78,3.93,4.1,
467,2.71,2.0,2.0,2.0,3.6,1.0,,3.87,,,1.0,,2.0,,3.67,1.5,2.0,4.0,3.0
468,3.0,3.27,4.0,3.75,3.18,2.78,,3.57,3.75,,4.0,5.0,4.0,3.67,4.5,3.25,3.21,3.33,3.67
469,3.24,3.39,3.44,3.71,3.64,4.0,1.0,3.94,3.81,4.31,3.5,,3.69,3.95,3.65,3.31,3.53,4.12,4.09
470,3.62,3.52,3.5,3.62,3.57,3.29,,3.68,3.67,,3.0,3.33,3.5,3.0,3.82,3.88,3.43,4.17,4.0
471,3.71,3.64,3.93,3.93,3.96,4.0,,4.04,4.33,,3.5,3.62,3.5,4.0,3.93,3.57,3.56,3.9,
472,4.75,4.4,,,3.83,4.88,,4.4,3.7,,3.0,5.0,,3.33,3.5,3.83,3.83,,
473,3.38,3.5,4.0,2.5,3.03,4.38,3.5,3.89,3.25,,3.0,,,4.0,3.44,3.6,3.69,,
474,3.23,3.4,3.49,3.27,3.18,3.49,3.69,3.55,3.29,3.74,3.1,3.94,3.4,3.48,3.48,3.42,3.47,3.46,3.27
475,4.41,4.45,4.15,4.25,4.33,4.29,,4.57,4.62,,4.5,4.31,4.67,4.88,4.45,4.38,4.39,4.25,5.0
476,3.43,3.71,4.0,3.95,3.37,3.43,,3.73,4.12,,,4.33,4.5,3.67,3.57,4.0,3.53,4.33,4.0
477,3.71,3.73,3.91,3.32,3.6,3.98,4.25,3.95,3.61,4.25,3.54,4.02,3.35,3.99,3.71,3.84,3.73,4.42,3.56
478,3.12,3.0,3.0,3.25,2.81,3.5,,2.69,3.25,,0.5,4.5,3.75,3.5,2.5,2.8,2.2,1.5,2.5
479,2.56,3.0,3.33,3.04,3.42,3.27,3.0,3.75,3.17,,2.71,1.0,3.92,2.75,3.47,2.56,3.0,3.2,3.0
480,3.04,3.23,3.15,3.33,3.08,3.4,3.32,3.6,3.35,3.7,2.69,3.53,3.44,3.48,3.28,3.06,3.13,3.75,2.94
481,2.78,2.67,,2.0,2.17,3.17,,3.0,,5.0,2.0,,,3.0,3.5,2.8,2.83,4.0,
482,3.81,3.93,2.9,3.78,3.16,3.58,,3.03,3.41,,3.67,4.3,4.0,3.06,3.25,4.0,3.78,1.83,3.0
483,3.49,3.64,3.83,3.5,3.61,3.84,3.7,3.84,3.82,4.33,2.83,3.77,3.48,3.75,3.65,3.46,3.48,3.75,3.75
484,3.7,3.81,4.64,4.36,3.91,3.97,4.5,3.8,3.97,3.25,2.9,4.0,4.7,3.5,3.78,3.43,3.26,4.12,
485,3.91,3.6,4.0,4.0,3.8,4.6,,4.1,,,3.0,5.0,4.0,,4.67,3.25,4.55,4.33,5.0
486,3.95,4.0,3.0,3.0,3.67,4.0,,4.57,3.5,,3.5,5.0,3.0,3.6,4.14,3.85,4.1,5.0,4.5
487,3.28,3.47,3.43,3.42,2.76,3.0,,3.41,3.72,,3.38,3.25,,3.08,3.2,3.5,3.17,4.33,
488,3.5,4.37,4.23,4.09,3.94,4.14,4.25,3.71,4.12,3.25,4.17,4.38,3.83,3.5,3.89,3.75,3.93,4.1,4.0
489,2.77,2.98,3.5,3.1,2.86,3.05,4.0,3.26,3.06,3.17,2.88,3.17,3.74,3.03,3.07,2.89,2.81,3.36,2.95
490,2.88,2.85,3.5,3.4,2.75,3.44,,3.59,2.89,,2.67,3.15,3.0,3.64,3.0,3.21,3.38,3.67,
491,4.25,4.42,3.7,4.21,4.02,4.25,,4.15,4.3,,,5.0,,5.0,4.13,4.25,5.0,4.5,
492,4.13,4.07,4.0,3.29,3.8,3.86,,3.77,3.7,,4.25,,3.25,3.6,3.5,4.13,4.02,5.0,
493,3.82,3.53,,,4.0,4.06,,3.68,3.4,,2.43,,,,4.2,3.53,3.64,3.75,4.0
494,4.35,4.27,,,1.5,4.0,,4.67,2.0,,5.0,,,,,4.44,4.0,4.33,4.0
495,3.86,3.63,3.75,3.43,3.99,4.23,3.75,4.3,3.13,4.25,3.46,3.93,4.2,4.47,4.18,3.85,4.03,4.27,5.0
496,3.28,2.92,2.62,3.0,2.83,4.5,,3.6,3.8,,2.5,3.83,3.83,5.0,3.32,3.3,5.0,2.0,
497,2.85,2.75,4.0,3.38,3.5,3.86,,3.98,2.33,,4.33,3.67,4.0,3.43,3.72,3.06,3.32,4.12,
498,3.46,3.77,5.0,4.33,4.23,3.83,,4.43,,,,5.0,5.0,4.0,4.25,3.0,3.86,5.0,3.0
499,3.79,3.79,3.5,3.5,3.57,3.5,4.5,4.1,3.67,,3.8,,4.3,3.0,4.0,2.33,4.0,,4.36
500,3.75,3.61,3.57,3.58,3.21,3.29,,3.15,3.71,,3.33,3.5,3.45,4.5,3.11,3.83,3.25,4.0,
501,3.31,3.21,2.75,2.67,3.33,3.09,,2.94,2.0,,3.5,,2.0,3.0,3.25,3.6,3.33,3.0,
502,2.5,3.75,4.0,3.38,3.2,4.42,,3.29,3.33,,3.5,,4.0,2.0,1.92,4.06,2.94,5.0,5.0
503,2.89,2.91,3.3,2.75,2.92,3.8,3.5,3.6,2.75,,3.06,3.0,3.12,3.45,3.21,3.35,3.38,3.7,
504,3.42,4.06,4.17,3.7,3.76,4.03,3.62,3.92,3.75,,3.5,4.0,4.0,4.0,3.74,3.75,3.88,4.25,4.0
505,4.2,4.0,4.38,4.5,3.77,4.33,,4.0,4.5,,4.44,,4.62,4.38,3.0,3.93,4.59,,
506,2.33,2.33,2.0,3.0,3.03,3.5,3.5,3.33,2.5,,4.5,5.0,3.0,2.0,3.38,4.17,3.1,3.0,4.0
507,3.38,3.2,3.0,4.0,3.5,3.0,,3.33,3.0,,3.0,3.0,3.0,3.0,3.67,3.33,3.5,3.33,3.0
508,1.75,2.79,1.5,2.0,2.34,,,1.95,1.67,,1.75,,1.83,,1.7,3.75,2.0,4.5,3.0
509,3.17,3.26,3.35,3.19,3.14,3.23,4.0,3.32,3.27,3.5,2.8,3.35,3.28,3.29,3.23,3.23,3.09,3.21,3.5
510,2.57,2.94,3.5,3.17,2.88,3.04,4.0,2.95,2.78,4.0,2.2,4.0,3.5,2.54,2.95,2.27,2.5,3.9,2.17
511,4.07,4.17,4.5,3.83,4.31,4.8,,4.22,4.0,,3.38,4.42,3.5,4.12,4.3,3.98,3.94,4.67,4.0
512,3.63,3.33,3.67,3.4,3.46,4.33,,3.79,3.4,,5.0,4.0,3.67,4.4,3.8,3.5,4.05,4.8,3.0
513,3.85,3.8,4.0,4.0,3.83,4.5,,4.33,3.5,,2.83,4.5,4.0,4.0,3.67,3.86,3.83,4.38,3.67
514,3.35,3.41,3.83,3.64,3.38,3.59,3.6,3.65,3.21,4.0,2.7,3.71,3.6,3.07,3.48,3.26,3.32,3.55,3.92
515,4.79,4.86,5.0,5.0,5.0,4.85,,4.92,4.0,,4.5,5.0,,4.62,5.0,4.9,4.69,4.8,
516,4.0,4.0,5.0,5.0,3.54,3.4,,3.8,4.0,,,,,,3.5,4.0,3.67,3.25,3.0
517,1.82,2.41,2.61,2.72,2.24,2.02,1.75,2.47,2.92,1.25,1.3,2.64,2.95,2.12,2.5,2.19,1.81,2.54,2.25
518,3.86,3.57,4.0,4.0,3.93,4.17,,3.36,4.0,,4.33,4.0,3.17,4.0,2.88,3.5,4.0,2.5,
519,4.29,3.75,,,4.14,4.59,,4.67,,,,4.0,,5.0,4.11,4.0,4.75,5.0,
520,3.89,3.95,4.2,4.21,3.93,3.88,3.5,3.85,4.1,4.5,3.82,3.5,3.6,3.95,3.98,3.86,4.01,3.92,3.17
521,3.6,3.67,4.0,4.0,3.57,3.56,,3.7,3.75,,,,4.0,3.4,3.7,3.2,3.62,,
522,3.91,3.79,3.68,2.2,3.68,4.03,4.25,3.79,3.71,3.5,4.38,3.95,3.79,4.0,3.77,4.03,3.96,3.7,4.75
523,4.78,4.64,4.6,4.39,4.45,4.83,,4.74,4.73,,5.0,4.92,4.75,5.0,4.78,4.67,4.73,4.75,
524,3.54,3.81,4.0,3.2,3.4,2.86,,3.45,4.0,3.0,3.17,5.0,3.5,3.17,3.47,3.4,3.56,4.0,3.8
525,3.51,3.52,3.32,3.33,3.55,3.79,3.56,3.68,3.52,3.5,3.83,3.43,3.54,3.88,3.57,3.51,3.62,3.71,3.75
526,4.0,4.28,3.83,3.83,4.2,4.31,,4.21,3.75,,4.0,3.5,,3.75,4.15,4.17,4.0,4.33,
527,4.4,4.22,3.94,4.08,3.98,3.67,4.0,3.93,4.14,4.0,4.33,4.33,4.0,3.91,3.91,4.35,4.25,3.62,4.0
528,3.8,2.88,2.75,2.67,3.03,3.88,4.5,3.56,2.12,4.0,4.0,3.56,,3.14,3.14,3.36,4.0,4.12,
529,3.89,3.55,3.0,3.0,2.58,,,4.0,3.2,,,,3.0,4.0,3.0,4.25,3.88,,
530,3.5,3.5,,3.0,3.8,4.0,,3.87,5.0,,4.0,4.0,,3.0,3.8,3.5,3.85,4.0,5.0
531,3.9,4.0,,3.0,2.5,4.5,,4.0,3.0,,3.0,,3.0,,3.0,4.0,4.4,,3.0
532,4.36,4.5,,,3.75,4.09,,4.3,4.0,4.0,4.5,,,4.33,4.0,4.56,4.29,5.0,3.0
533,4.46,4.44,5.0,5.0,4.29,4.33,,4.17,5.0,,4.43,4.0,3.0,4.0,4.5,4.29,4.5,5.0,5.0
534,3.74,3.73,3.92,3.9,3.89,3.82,,3.83,3.8,4.5,4.16,3.53,4.02,3.8,3.94,3.7,3.78,3.86,3.71
535,2.17,1.0,5.0,,2.56,2.75,,2.64,1.0,,3.0,,3.0,3.5,2.56,4.0,1.8,,
536,3.3,4.0,,,3.54,2.8,,3.65,,,2.75,5.0,,3.0,2.75,2.83,3.43,5.0,3.33
537,4.0,4.4,,,3.9,4.5,5.0,4.05,4.56,,5.0,3.86,,4.5,2.83,3.17,4.68,3.17,4.5
538,4.67,4.58,4.75,4.64,4.48,4.5,,4.33,4.57,,,4.5,4.69,4.0,4.33,5.0,,2.5,4.5
539,3.75,4.33,4.5,4.33,3.81,3.7,,3.94,4.5,,4.25,4.5,3.5,,4.33,3.0,2.0,3.5,
540,4.2,3.94,3.5,3.75,3.77,4.39,,3.95,3.64,5.0,3.7,4.17,4.0,3.83,3.17,4.46,3.92,5.0,
541,3.24,3.52,3.67,3.18,3.14,3.27,,3.84,2.86,,3.6,3.0,3.4,3.8,3.47,3.22,3.57,5.0,3.4
542,3.2,3.76,4.23,4.06,3.43,3.39,2.5,3.86,3.7,,2.62,2.8,4.56,3.7,4.06,3.67,3.35,5.0,3.5
543,4.73,5.0,5.0,5.0,4.33,4.85,,4.13,5.0,,5.0,5.0,5.0,4.5,4.18,4.91,5.0,3.5,4.0
544,4.25,4.33,3.0,3.0,4.33,4.0,5.0,4.62,3.0,,5.0,,,3.5,4.5,4.33,4.12,,
545,3.56,2.7,,3.0,2.88,4.38,,3.1,2.5,,3.0,3.5,,3.67,2.83,3.6,3.83,3.83,2.5
546,3.5,3.3,2.0,2.33,3.5,3.17,,3.06,4.0,,3.71,,2.0,2.67,3.75,3.12,3.5,2.0,
547,3.67,,,,4.8,3.67,3.5,4.0,5.0,5.0,,,3.0,4.5,4.17,5.0,4.2,2.67,
548,4.0,3.93,,,3.94,4.3,3.5,4.27,4.0,,,5.0,,3.5,3.4,3.6,4.88,4.75,
549,3.83,2.88,,1.0,,4.57,,4.11,3.17,,,4.5,,5.0,,3.43,4.86,3.0,
550,4.23,4.18,3.88,4.17,4.17,4.25,,3.96,4.0,,,4.43,,5.0,4.0,4.4,4.25,4.0,
551,3.75,3.57,3.83,4.3,3.71,3.91,4.0,3.72,3.04,4.0,4.17,3.84,,3.96,4.09,3.68,3.83,4.09,
552,2.86,3.03,3.42,3.0,3.19,3.37,,3.34,3.1,3.67,2.67,4.0,3.82,3.25,3.15,3.06,3.1,3.5,2.38
553,4.28,3.93,,,4.02,4.44,4.75,4.42,4.0,4.0,,,,4.21,4.05,4.38,4.37,4.0,
554,3.73,3.71,3.64,4.0,3.76,4.5,,4.18,3.47,,3.14,3.5,3.91,4.0,4.36,4.5,4.27,4.5,3.0
555,3.39,3.56,4.0,3.86,3.49,3.68,3.0,3.68,3.58,3.0,2.93,4.0,3.45,3.63,3.58,3.29,3.39,3.89,3.27
556,4.12,4.15,5.0,4.42,4.33,,,3.79,4.04,,4.0,4.09,4.5,4.0,3.5,4.25,3.62,,
557,3.82,3.88,3.5,4.33,3.5,4.83,,3.92,4.62,,4.5,4.5,0.5,5.0,4.0,3.25,4.75,3.75,
558,4.2,4.17,4.33,4.5,3.94,3.6,,3.97,3.85,,3.25,,5.0,4.2,3.93,4.0,3.89,4.5,
559,3.25,3.41,3.86,3.48,3.13,3.28,,3.57,3.42,,3.2,3.33,3.58,3.0,3.46,3.44,3.22,3.4,3.0
560,3.62,3.52,3.49,3.25,3.51,3.81,3.45,3.61,3.53,4.5,3.7,3.35,3.44,3.7,3.38,3.55,3.67,3.66,3.27
561,3.31,3.3,3.04,3.16,3.36,3.48,,3.49,3.4,3.83,3.49,2.93,3.55,3.58,3.27,3.26,3.23,3.81,3.5
562,3.95,4.01,4.36,4.03,4.14,4.19,4.0,4.21,4.12,3.75,4.06,3.88,4.2,4.03,4.18,3.96,4.08,3.94,3.25
563,3.58,3.13,3.71,3.49,3.25,3.39,,3.35,3.21,,3.42,3.28,3.91,3.5,3.25,3.45,3.09,3.75,
564,3.3,3.5,1.0,2.17,3.65,3.6,,3.38,3.33,,3.5,2.0,3.5,3.2,3.47,3.22,3.32,2.5,4.0
565,3.12,3.33,3.0,3.5,3.29,3.33,,4.1,3.0,,,3.0,3.0,4.67,3.71,5.0,3.83,4.5,5.0
566,3.3,3.1,2.0,2.5,3.58,3.67,,3.73,3.17,,5.0,2.5,2.0,4.33,3.83,3.3,3.55,4.5,3.0
567,1.9,2.06,2.36,2.12,2.33,2.02,2.5,2.6,2.11,4.0,2.17,1.93,1.8,2.6,2.71,2.11,2.28,2.48,2.58
568,3.0,3.62,,2.75,3.82,4.83,,4.23,3.5,,5.0,,5.0,5.0,4.0,3.25,4.3,4.5,4.5
569,4.09,4.0,4.0,4.0,3.86,4.14,,4.2,4.0,,,4.0,4.0,3.0,3.75,4.33,4.0,3.0,4.0
570,3.45,3.48,3.5,3.29,3.21,3.43,,3.55,3.29,,3.29,3.62,3.25,3.45,3.43,3.58,3.53,3.5,3.0
571,2.7,3.33,4.0,,2.63,4.0,,3.36,2.91,1.0,2.5,,3.0,3.1,3.5,2.55,2.75,,
572,3.91,3.97,3.67,4.0,3.88,4.35,,4.19,3.29,3.0,4.33,4.0,2.67,4.29,3.98,3.93,4.18,4.55,4.67
573,4.17,4.12,4.42,4.35,4.33,4.28,4.25,4.14,4.16,4.25,4.33,4.3,4.11,4.37,3.81,4.14,4.19,4.32,3.5
574,3.62,4.12,4.5,3.67,3.88,3.5,,4.0,3.0,,5.0,4.0,4.5,5.0,4.0,4.0,3.8,4.5,
575,3.67,4.0,1.0,1.0,3.33,3.83,1.0,3.64,4.0,,2.25,,,3.0,3.14,4.0,3.71,3.0,
576,3.17,3.5,3.5,4.0,3.2,4.75,,3.1,3.8,,3.12,,,3.5,2.33,2.86,3.42,,
577,3.56,3.61,3.5,3.18,3.46,3.6,,3.71,3.33,,3.09,,2.75,3.71,3.71,3.38,3.39,4.09,3.75
578,3.33,5.0,,3.5,3.9,5.0,,4.16,3.33,,1.83,,,5.0,4.32,,3.0,,
579,3.95,4.0,3.78,3.75,3.97,3.6,,4.18,3.88,,3.5,5.0,3.62,4.0,4.3,3.91,4.29,4.4,
580,3.78,3.57,3.33,3.2,3.34,3.76,2.88,3.46,3.64,2.14,3.73,4.17,2.88,3.68,3.43,3.66,3.8,3.59,3.27
581,4.29,4.43,4.3,4.42,4.36,4.5,,4.38,4.35,,4.5,4.5,,4.5,4.22,4.28,4.12,4.6,
582,4.08,4.17,3.88,4.2,3.88,4.19,,3.98,4.35,,4.0,4.3,,4.07,3.83,3.94,3.93,3.83,4.5
583,3.0,3.39,3.45,3.5,3.36,3.1,,3.25,3.5,,2.83,4.0,3.33,,3.44,,3.25,4.0,
584,4.28,4.47,4.8,4.4,3.72,3.62,,4.32,4.29,,3.75,5.0,4.6,4.8,4.35,4.23,4.45,5.0,5.0
585,4.28,4.17,4.0,5.0,4.31,4.45,4.5,4.36,4.0,4.0,,4.0,,4.11,4.25,3.25,4.34,4.5,
586,4.42,4.48,4.61,4.51,4.46,4.23,,4.0,4.58,,4.2,4.42,4.5,3.78,4.14,4.4,4.24,3.83,4.33
587,4.12,4.11,4.33,3.89,3.84,4.25,,4.24,3.83,3.5,3.0,,3.57,4.22,4.13,4.23,4.26,3.71,4.4
588,2.91,2.82,3.0,3.0,3.25,3.4,,3.33,1.0,,3.33,3.0,3.0,3.4,3.0,2.67,3.31,4.0,3.0
589,4.0,4.17,,3.33,3.9,4.38,5.0,4.04,4.5,,5.0,4.0,,3.0,4.57,4.33,4.07,4.33,5.0
590,3.28,3.33,3.78,3.35,3.04,3.55,3.75,3.68,3.33,3.84,3.06,3.57,3.79,3.36,3.44,3.2,3.26,3.99,3.7
591,3.8,4.31,3.8,4.0,3.67,3.0,,3.04,3.5,,2.8,,3.0,3.6,3.12,3.64,2.56,4.0,5.0
592,3.7,3.83,3.83,3.78,3.45,3.67,,4.0,3.29,,3.33,5.0,3.8,4.0,4.07,3.87,3.61,4.67,3.83
593,2.96,2.97,3.14,3.0,2.93,3.81,,3.72,2.78,4.0,4.0,3.17,3.5,3.6,3.35,3.08,3.38,3.42,
594,4.38,4.27,4.6,4.36,4.17,4.07,4.5,3.72,3.39,,1.71,4.62,4.44,2.03,4.52,4.3,3.44,3.64,4.0
595,4.0,4.33,4.5,4.5,4.0,4.33,,4.4,5.0,,,,4.0,4.0,4.33,4.5,4.4,,
596,3.39,3.52,3.98,3.79,3.48,3.39,4.25,3.54,3.53,4.0,3.6,3.51,3.72,3.72,3.55,3.5,3.45,3.15,3.0
597,3.56,3.73,4.0,4.25,3.99,3.97,5.0,4.1,3.94,4.18,4.38,,3.82,4.0,3.89,3.85,3.65,4.67,4.0
598,4.3,3.69,1.0,1.0,3.5,3.38,,4.88,3.38,,0.5,5.0,1.0,3.33,3.68,5.0,3.25,,
599,2.74,2.77,2.91,2.4,2.42,2.81,3.07,2.82,2.65,3.3,2.4,2.93,2.62,2.83,2.67,2.76,2.7,2.9,2.65
600,2.66,3.17,3.22,2.97,3.07,2.9,3.83,2.94,3.51,3.0,2.9,2.64,3.33,2.86,3.0,2.94,2.7,2.55,3.41
601,4.36,4.44,4.57,4.56,4.35,4.56,4.0,4.43,4.53,,4.5,4.5,,4.58,4.38,4.3,4.4,4.56,4.0
602,3.57,3.21,4.0,3.0,3.3,3.71,3.0,3.29,3.71,3.5,3.67,4.0,4.0,3.45,3.24,3.33,3.69,4.0,2.5
603,3.18,3.06,2.25,3.12,3.3,3.74,3.86,3.61,3.55,4.26,3.44,,3.53,3.53,3.45,3.22,3.56,3.52,3.95
604,3.62,3.63,3.43,3.62,3.24,3.63,,3.49,3.42,,3.64,3.5,3.25,3.75,3.07,3.59,3.67,3.0,3.5
605,3.22,3.26,2.94,3.21,3.26,3.05,3.0,3.12,3.15,,2.87,3.68,3.08,3.44,3.33,3.29,2.92,2.78,3.33
606,3.18,3.5,3.71,3.45,3.57,3.65,3.8,3.79,3.6,3.81,3.35,3.06,3.73,3.79,3.74,3.56,3.53,3.79,3.41
607,3.72,3.47,3.33,3.42,3.33,3.81,,4.01,3.57,,4.11,5.0,3.6,4.65,3.52,3.25,4.11,4.17,4.0
608,3.33,3.22,3.12,2.46,2.74,3.61,3.0,3.44,3.0,3.75,3.32,4.0,2.76,3.55,2.89,3.3,3.54,3.58,2.64
609,3.09,3.2,3.0,3.0,3.29,3.5,3.0,3.37,3.0,,3.5,3.0,,,3.2,3.0,3.29,3.5,4.0
610,3.6,3.71,3.9,3.65,3.73,3.8,4.2,3.87,3.59,4.35,3.51,3.63,3.93,3.77,3.73,3.66,3.57,3.78,3.74
